step,uid,case_uid,sample_index,rollout_index,data_source,score,reward,response_length,token_logprob_mean,token_logprob_std,token_logprob_min,token_logprob_max,token_prob_mean,token_prob_min,token_entropy_mean,token_entropy_std,low_confidence_token_ratio,answer_tail_confidence,logprob_slope,entropy_slope,eos_prob_mean,eos_prob_max,eos_prob_final,eos_prob_slope,eos_high_prob_ratio,eos_top1_ratio,top1_prob_mean,top1_prob_final,topk_mass_mean,topk_mass_final
0,val::math500::52::c4a59c042fb03f9e::sample0,val::math500::52::c4a59c042fb03f9e,0,0,math500,0.0,0.0,349,-0.13153525266033825,0.5080497478676089,-6.162346839904785,0.0,0.9314587689825417,0.0021073019597679377,0.1362333973011897,0.36224767009285674,0.017191977077363897,0.9902504496276379,0.0004998929538035559,-0.00043703248104173435,5.135246573018233e-07,2.0353056243038736e-05,2.0353056243038736e-05,6.81753446480236e-10,0.0,0.0,0.9503587465146209,0.8915625810623169,0.9981471296709383,0.9999094009399414
0,val::math500::52::c4a59c042fb03f9e::sample1,val::math500::52::c4a59c042fb03f9e,1,1,math500,0.0,0.0,295,-0.19447312027383695,0.6527208702082223,-5.900798797607422,0.0,0.9082598778000891,0.002737257396802306,0.1726813582649414,0.402600088593713,0.04067796610169491,0.9875837042927742,0.0002594705214603595,-0.0006128074100053565,8.612748851414872e-07,3.572852801880799e-05,3.572852801880799e-05,9.092891867044998e-10,0.0,0.0,0.9380145348734775,0.8917574882507324,0.9977726964627283,0.9999163746833801
0,val::math500::52::c4a59c042fb03f9e::sample2,val::math500::52::c4a59c042fb03f9e,2,2,math500,1.0,1.0,2048,-0.2561565927768657,0.7077954312041409,-7.804329872131348,0.0,0.8747912217043421,0.00040796471876092255,0.2601380881240849,0.48994769700052065,0.05126953125,0.9804622642695904,0.00020504308542662665,-0.00017870060153038738,1.1793641497160507e-06,0.0007781062158755958,4.495146185945487e-06,-3.6354178567559553e-10,0.0,0.0,0.9080475069240492,0.9999874830245972,0.996501874178648,0.9999977946281433
0,val::math500::52::c4a59c042fb03f9e::sample3,val::math500::52::c4a59c042fb03f9e,3,3,math500,0.0,0.0,426,-0.27177972338852996,0.7053699507746918,-7.6481523513793945,0.0,0.8626870495730278,0.00047692449879832566,0.27096976335252415,0.5091167868840778,0.056338028169014086,0.8058406864874996,0.00038029499278519855,-0.00010374129361408909,4.253443142152071e-06,0.0005745888338424265,8.916624210542068e-06,-2.8785433041764827e-08,0.0,0.0,0.9024860761325124,0.8802118301391602,0.9957330947470777,0.9998421669006348
0,val::math500::76::63d40f3702faa438::sample0,val::math500::76::63d40f3702faa438,4,0,math500,1.0,1.0,385,-1.0077627043676742,1.8215282116173555,-15.909318923950195,-3.576278118089249e-07,0.6418146411614138,1.2321699216499837e-07,0.8775897600407786,0.9717883892829653,0.2077922077922078,0.4311115758609958,-0.003817454045120858,0.0031396558087782994,3.6558540301272005e-06,0.0010422866325825453,9.500020496489014e-06,3.4315379844725026e-08,0.0,0.0,0.7420097400228699,0.9982846975326538,0.9590121253744348,0.999885618686676
0,val::math500::76::63d40f3702faa438::sample1,val::math500::76::63d40f3702faa438,5,1,math500,1.0,1.0,482,-0.35651379057051646,0.8886036595167679,-10.386543273925781,0.0,0.8347973683816597,3.084477430093102e-05,0.36485313729750996,0.595592884616478,0.07676348547717843,0.9046738637844101,0.0006393617670458865,-0.0004464550891265003,1.0759322395206672e-06,4.7226378228515387e-05,2.541624598961789e-05,6.414049513085576e-09,0.0,0.0,0.879225994170454,0.9230039715766907,0.9922388097062645,0.9992825984954834
0,val::math500::76::63d40f3702faa438::sample2,val::math500::76::63d40f3702faa438,6,2,math500,0.0,0.0,1217,-0.3477042477128659,1.0006071442628155,-11.597557067871094,0.0,0.8580768789941284,9.188507647195365e-06,0.3500513578492559,0.6964640850761556,0.07313064913722268,0.9744286173954606,0.0008239235793931476,-0.0008694809718710929,5.836131978255778e-07,0.0003085449570789933,6.386341055986122e-07,-1.4501719369970855e-09,0.0,0.0,0.8885486108436874,0.8175573348999023,0.98704564639948,0.9999886751174927
0,val::math500::76::63d40f3702faa438::sample3,val::math500::76::63d40f3702faa438,7,3,math500,1.0,1.0,315,-0.33799871486594646,0.8513748595559676,-8.168524742126465,-1.1920928244535389e-07,0.8387302979352027,0.00028343586018308997,0.37680758360982125,0.5964185045535427,0.06349206349206349,0.9298695935867727,0.0020596612066608143,-0.0017744854141994333,0.0003845361457437182,0.11807463318109512,5.45474222235498e-06,-5.721126303601872e-06,0.0031746031746031746,0.0,0.8764280436057893,0.8339974284172058,0.9929304921437824,0.9998701214790344
0,val::math500::165::b907a1ae74a7d44b::sample0,val::math500::165::b907a1ae74a7d44b,8,0,math500,1.0,1.0,445,-0.1629427135847107,0.4619523150084087,-3.2382664680480957,0.0,0.9066299793509285,0.03923184797167778,0.20241074213108132,0.40846033660487446,0.03146067415730337,0.9861273039132357,0.00064647281235501,-0.0008209419141572295,3.385065071362739e-07,2.7718353521777317e-05,2.152323531845468e-06,-1.6706235165220297e-11,0.0,0.0,0.9294008613302467,0.9522166848182678,0.9979761770602023,0.999984860420227
0,val::math500::165::b907a1ae74a7d44b::sample1,val::math500::165::b907a1ae74a7d44b,9,1,math500,1.0,1.0,799,-0.22606570524269745,0.6497374016541909,-7.250950336456299,0.0,0.8854341448311787,0.0007094998145475984,0.25144224130304765,0.4510669761197616,0.04380475594493116,0.829352640081197,0.00012676169053611394,-0.0001299710231366862,3.3827593991124523e-06,0.00029378291219472885,0.00018579811148811132,1.3268517231083705e-08,0.0,0.0,0.9152802803153837,0.9131552577018738,0.997070824473313,0.9997577667236328
0,val::math500::165::b907a1ae74a7d44b::sample2,val::math500::165::b907a1ae74a7d44b,10,2,math500,0.0,0.0,543,-0.6271677099321391,2.0582100180101213,-14.775038719177246,-1.0728830375228426e-06,0.8533584775184463,3.83073597731709e-07,0.5767153835694918,1.5809220982567036,0.09208103130755065,0.9088538391515613,0.004854526266439217,-0.004224977081040933,0.00242334105724965,0.7293762564659119,1.3800872977753897e-07,-1.8193275918413145e-05,0.003683241252302026,0.001841620626151013,0.88863997900958,0.8169324398040771,0.9594498835298237,0.9996716976165771
0,val::math500::165::b907a1ae74a7d44b::sample3,val::math500::165::b907a1ae74a7d44b,11,3,math500,1.0,1.0,600,-0.12377047965956701,0.4594580985670301,-5.245757579803467,0.0,0.9318896374773855,0.005269828252494335,0.15037791406061515,0.34823249040984794,0.021666666666666667,0.9771252330392599,0.00027694913856938055,-0.00034085713970513236,2.812342277206348e-07,6.766460137441754e-05,9.587596650817432e-06,4.092872569444646e-12,0.0,0.0,0.9485274553547303,0.9464470148086548,0.9985950277249018,0.9999703764915466
0,val::math500::174::f537d36330f3b0f0::sample0,val::math500::174::f537d36330f3b0f0,12,0,math500,1.0,1.0,478,-0.1444378974723021,0.5168058183136186,-5.919723033905029,0.0,0.9248163881429148,0.0026859440840780735,0.17237633969470528,0.4084317602183356,0.029288702928870293,0.895014421781525,0.00014414637716102807,-0.00024227466043656427,7.834322988368449e-07,3.157611354254186e-05,2.1688229026040062e-05,2.0840081723912175e-09,0.0,0.0,0.9406585999799573,0.8924890756607056,0.9973046439212735,0.999308705329895
0,val::math500::174::f537d36330f3b0f0::sample1,val::math500::174::f537d36330f3b0f0,13,1,math500,1.0,1.0,317,-0.23010312210095224,0.5914720046483618,-4.105284690856934,-1.1920928244535389e-07,0.8774303236171274,0.01648532599210739,0.24779986791564948,0.4451602815291007,0.04100946372239748,0.9215475032106042,0.001163314595194979,-0.0010109337223855842,5.667553370446864e-07,4.2230145481880754e-05,1.541329220344778e-05,1.6357989471782782e-09,0.0,0.0,0.9125714460005896,0.6966097354888916,0.9976445863299566,0.9987848401069641
0,val::math500::174::f537d36330f3b0f0::sample2,val::math500::174::f537d36330f3b0f0,14,2,math500,0.0,0.0,1303,-0.16521079768953104,0.565486096034829,-8.827649116516113,0.0,0.9132662515009625,0.0001466225367039442,0.19338324328032425,0.4379403855504526,0.02762854950115119,0.948971729259938,7.967006296820823e-05,-5.6536835960955294e-05,5.7498351336125605e-06,0.005183164030313492,9.200669410347473e-06,-7.708771947930193e-09,0.0,0.0,0.9331874394487712,0.7529664635658264,0.9972210954631738,0.9999423027038574
0,val::math500::174::f537d36330f3b0f0::sample3,val::math500::174::f537d36330f3b0f0,15,3,math500,1.0,1.0,715,-0.3530700113510548,1.075457477344904,-14.718416213989258,0.0,0.8581452222658039,4.053900113376585e-07,0.3494921258622705,0.6416615924204533,0.06293706293706294,0.9052080039400607,0.0007339310795536178,-0.0005483776985778665,4.799328833870022e-06,0.00040371911018155515,9.400124690728262e-05,3.23267267658505e-09,0.0,0.0,0.8964512621397739,0.9187856912612915,0.9889458083606266,0.9995278120040894
0,val::math500::274::20410f435f0b3dd2::sample0,val::math500::274::20410f435f0b3dd2,16,0,math500,0.0,0.0,2048,-0.20810366731841806,0.8109605900953616,-10.890241622924805,0.0,0.9148042633111109,1.8639238987816498e-05,0.19765474987263093,0.49804500160515536,0.03955078125,0.9999642819166183,0.0003261291405473679,-0.00030983383717163776,9.918343805196898e-06,0.0001867828832473606,2.4300159566337243e-05,1.6517928571517246e-08,0.0,0.0,0.9383180811419152,0.999971866607666,0.9945476247230545,0.9999992847442627
0,val::math500::274::20410f435f0b3dd2::sample1,val::math500::274::20410f435f0b3dd2,17,1,math500,0.0,0.0,773,-2.4735711327479817,3.064026177637225,-16.43549346923828,-3.576272320060525e-06,0.448051251744299,7.28041129605117e-08,2.5278680991742815,2.3881712233963244,0.4540750323415265,0.6850273413656396,0.0014452940962988384,-0.0010462532512571707,0.0007721008759422638,0.21948465704917908,0.015884345397353172,1.4715368515889149e-06,0.00129366106080207,0.0,0.5491410582525147,0.5260173082351685,0.7564056723982211,0.9609826803207397
0,val::math500::274::20410f435f0b3dd2::sample2,val::math500::274::20410f435f0b3dd2,18,2,math500,0.0,0.0,574,-0.47367260334791605,0.9684803658376386,-8.80102825164795,-1.1920928244535389e-07,0.7782657946980827,0.00015057816926855594,0.5006164455007234,0.652066624654068,0.10104529616724739,0.8414191640913486,0.00029350804658971906,-0.0004408970899794157,5.975638816226082e-07,8.775352034717798e-05,3.715589684816223e-07,2.204126662756814e-09,0.0,0.0,0.8352510366290289,0.8348037600517273,0.9895847544645183,0.9993298053741455
0,val::math500::274::20410f435f0b3dd2::sample3,val::math500::274::20410f435f0b3dd2,19,3,math500,0.0,0.0,792,-0.5727830173097171,1.1110629507057221,-9.71574592590332,-1.6689286894688848e-06,0.7434353196312846,6.0326088714646176e-05,0.6291419585443075,0.7531836822049014,0.12626262626262627,0.8712059068493545,0.0006006189951016956,-0.000626898510870624,4.899999751063655e-06,0.0008083285065367818,7.306742190849036e-05,1.8332909155927146e-08,0.0,0.0,0.8016116230776815,0.5920712351799011,0.9809591850698597,0.9997184872627258
0,val::math500::355::c4aaca40d829b95f::sample0,val::math500::355::c4aaca40d829b95f,20,0,math500,0.0,0.0,584,-0.4578684656229823,1.0150519966996296,-8.258395195007324,0.0,0.8033733364308854,0.0002590744406916201,0.4168551654907228,0.6506152606316662,0.1095890410958904,0.9495517173781991,0.00022537593834227553,-0.0001356698360097173,4.387000438321838e-07,2.1556790670729242e-05,2.1556790670729242e-05,7.475648559164752e-10,0.0,0.0,0.8616040112986548,0.6908590197563171,0.9898293569479903,0.9998740553855896
0,val::math500::355::c4aaca40d829b95f::sample1,val::math500::355::c4aaca40d829b95f,21,1,math500,0.0,0.0,525,-0.36166988593005744,0.8764652850522129,-5.725966453552246,0.0,0.8379052971826778,0.0032602008432149887,0.37464214904340226,0.6228096910137818,0.07428571428571429,0.9092844291590154,0.0012231718189683481,-0.0009837935426025765,9.85693449453396e-07,0.000118752803246025,2.696519368328154e-05,-4.2840416771464974e-10,0.0,0.0,0.8816262575274422,0.864189088344574,0.989898901553381,0.9998432397842407
0,val::math500::355::c4aaca40d829b95f::sample2,val::math500::355::c4aaca40d829b95f,22,2,math500,0.0,0.0,848,-1.8302825271642769,2.648132338287576,-14.981254577636719,-3.3378546504536644e-06,0.5618631982720351,3.1169068392955523e-07,1.8754097166130244,2.2143775367862752,0.3431603773584906,0.05958196075849287,-0.004315761608289291,0.0047071928861404854,0.0001974826855508138,0.008073308505117893,0.0003584779624361545,1.1572228476069775e-06,0.0,0.0,0.6405939765907122,0.6088744401931763,0.8224535767639162,0.8958310484886169
0,val::math500::355::c4aaca40d829b95f::sample3,val::math500::355::c4aaca40d829b95f,23,3,math500,0.0,0.0,629,-3.6439358211997352,4.229012773159388,-16.153995513916016,-4.291525328881107e-06,0.43581245665092805,9.647369125787009e-08,3.4406050985506975,3.4382926005041554,0.5007949125596184,0.0031196261779875556,-0.015593453189024126,0.015206482819094211,0.0006112700125755914,0.05161460489034653,0.0001269522326765582,3.227582216900767e-06,0.0,0.003179650238473768,0.5089408128251379,0.08444119244813919,0.6552676651597212,0.2246062308549881
0,val::math500::365::22fe24f8406687ac::sample0,val::math500::365::22fe24f8406687ac,24,0,math500,0.0,0.0,686,-0.43771941484873866,1.2535982500912537,-15.977662086486816,-1.6689286894688848e-06,0.8233421353700462,1.1507726327408818e-07,0.4132407486273918,0.6642245655039737,0.08309037900874636,0.7702968791127205,-0.0001323361360575367,5.8796740546612053e-05,6.8399795207922816e-06,0.0010265866294503212,0.00010834356362465769,2.6231742076053758e-08,0.0,0.0,0.8787256375433057,0.9345373511314392,0.9871157725767908,0.9995165467262268
0,val::math500::365::22fe24f8406687ac::sample1,val::math500::365::22fe24f8406687ac,25,1,math500,0.0,0.0,839,-0.29641588526402446,0.7261826707158923,-6.310336112976074,0.0,0.8523593385133856,0.0018174222204834223,0.32725656527075486,0.5471367396752522,0.057210965435041714,0.8709978335537016,-0.0006645513871549964,0.0006665125924187282,5.717270976117005e-07,0.0001298751012654975,1.3804873560729902e-05,1.8285503183923882e-09,0.0,0.0,0.8897726480561587,0.6437216997146606,0.9946800698398549,0.9994122982025146
0,val::math500::365::22fe24f8406687ac::sample2,val::math500::365::22fe24f8406687ac,26,2,math500,0.0,0.0,1785,-0.46308908593626935,1.1982712643920577,-15.18713092803955,0.0,0.8180033423994506,2.536955605592084e-07,0.4562692879377876,0.759440241323324,0.09635854341736695,0.6415556247229688,1.9049753752658284e-05,-4.398663559198289e-05,6.391374229429974e-06,0.00043053412809967995,9.213462362822611e-06,1.3881596922582097e-08,0.0,0.0,0.8653547911834316,0.7540135979652405,0.983100018113935,0.9998316168785095
0,val::math500::365::22fe24f8406687ac::sample3,val::math500::365::22fe24f8406687ac,27,3,math500,1.0,1.0,771,-0.16734408633496764,0.5464159290119847,-4.794404029846191,0.0,0.9161468553519898,0.00827592983841896,0.16127418706407634,0.37513008200385384,0.03501945525291829,0.897670543869026,0.00016783282666616283,-0.00017046481363190125,1.1181185883238074e-06,0.00016533264715690166,0.00016533264715690166,5.819039851853014e-09,0.0,0.0,0.9441338829338628,0.4928496778011322,0.998434295063662,0.998620331287384
0,val::math500::425::20f77fefd0c2a9e5::sample0,val::math500::425::20f77fefd0c2a9e5,28,0,math500,0.0,0.0,1073,-0.36426086520508777,0.9530050751030045,-12.121808052062988,0.0,0.8377522032401642,5.439583674160531e-06,0.3748384867423796,0.6349117263431869,0.0782851817334576,0.9344854517839849,0.0006750909289378182,-0.0005979670152392648,2.9398119135076693e-06,0.00021652197756338865,2.1173398636165075e-05,4.287975787013039e-09,0.0,0.0,0.8820389696541837,0.6785717606544495,0.9897803693093213,0.9999048709869385
0,val::math500::425::20f77fefd0c2a9e5::sample1,val::math500::425::20f77fefd0c2a9e5,29,1,math500,0.0,0.0,698,-0.35136817593536473,0.8457193094296155,-12.575057029724121,0.0,0.8262003150164418,3.457181037447299e-06,0.3718314159922889,0.5553681895589878,0.07020057306590258,0.9103838432347402,-1.547548558083754e-05,-1.4465726484070899e-05,4.985855197538098e-07,2.9311280741239898e-05,6.695269405554427e-08,1.3386172223121492e-09,0.0,0.0,0.8721415374460056,0.8931243419647217,0.9949450064183648,0.9998971223831177
0,val::math500::425::20f77fefd0c2a9e5::sample2,val::math500::425::20f77fefd0c2a9e5,30,2,math500,0.0,0.0,862,-0.36849582533684533,0.9693268282300652,-10.396586418151855,-1.1920928244535389e-07,0.8388001273552067,3.053654290852137e-05,0.3430692898329865,0.556180126996716,0.07076566125290024,0.7140076034808089,-0.0001268612192382847,-1.041950075092752e-05,2.7311716778854415e-06,0.0003564944490790367,1.9698152755154297e-05,1.4593792702676235e-08,0.0,0.0,0.8851469200960168,0.7153481245040894,0.9938317892722907,0.9994531273841858
0,val::math500::425::20f77fefd0c2a9e5::sample3,val::math500::425::20f77fefd0c2a9e5,31,3,math500,0.0,0.0,674,-0.33543028573031664,1.1038956721094833,-15.803390502929688,0.0,0.8532291370698694,1.3698553402718971e-07,0.3256542010181722,0.545891808810995,0.05934718100890208,0.9006173460642799,-0.00013944802726489246,-0.0002447579567288758,6.39228233342116e-07,2.586011032690294e-05,1.1398361010606095e-07,3.2598211203900322e-09,0.0,0.0,0.889314307900317,0.86635422706604,0.9948330747090744,0.9994379878044128
60,val::math500::52::c4a59c042fb03f9e::sample0,val::math500::52::c4a59c042fb03f9e,0,0,math500,0.0,0.0,337,-0.09907928435890215,0.36370103069042353,-2.9918148517608643,0.0,0.941630219029213,0.05019626021385193,0.1288518642647572,0.3310246187462958,0.017804154302670624,0.9579112511128187,0.000239502131537364,-0.00016207417373530198,3.150934006211123e-07,5.992196383886039e-05,1.7860097045740986e-07,3.102443785913941e-09,0.0,0.0,0.9524475271075699,0.9626054167747498,0.9989779588022996,0.9999805688858032
60,val::math500::52::c4a59c042fb03f9e::sample1,val::math500::52::c4a59c042fb03f9e,1,1,math500,0.0,0.0,298,-0.3565193151184815,0.9085979091827462,-8.723831176757812,0.0,0.8425007813297906,0.0001626628072699532,0.3082927455208839,0.5810894950480783,0.0738255033557047,0.6416230315185203,-0.0019438080440478905,0.0015710206050539445,6.40444951578711e-07,2.9087004804750904e-05,8.53311939863488e-06,4.384037262157263e-09,0.0,0.0,0.8867224107352679,0.9545117616653442,0.9937924032643337,0.9999327063560486
60,val::math500::52::c4a59c042fb03f9e::sample2,val::math500::52::c4a59c042fb03f9e,2,2,math500,0.0,0.0,262,-0.1859685832393875,0.5664685648664556,-4.758211135864258,0.0,0.9021215223074528,0.008580945432186127,0.20493096019409518,0.4423189032245244,0.030534351145038167,0.9099027207121253,0.0006374604239859861,-0.0005855842715998594,5.158879235372647e-07,4.847341915592551e-05,4.279043423593976e-06,5.868516501654577e-09,0.0,0.0,0.9246083265952482,0.9519133567810059,0.9977493813929666,0.9999430179595947
60,val::math500::52::c4a59c042fb03f9e::sample3,val::math500::52::c4a59c042fb03f9e,3,3,math500,0.0,0.0,254,-0.2467021101413916,0.5704502568771159,-3.0525014400482178,0.0,0.8656351830458312,0.04724060744047165,0.29583817329656537,0.5543645816758173,0.05511811023622047,0.9468284333124757,-0.00046903243311916784,0.0005881185469293708,7.471068614897363e-07,0.00012020741269225255,9.552235269438825e-07,1.035432415463216e-08,0.0,0.0,0.8886338770976216,0.9523516297340393,0.9957750977024319,0.9999436140060425
60,val::math500::76::63d40f3702faa438::sample0,val::math500::76::63d40f3702faa438,4,0,math500,1.0,1.0,675,-0.8072979485046013,1.4299838089012546,-11.488039016723633,-1.1920928244535389e-07,0.6669520382978131,1.0251987987430766e-05,0.795001098063982,0.7944066134050878,0.16,0.6888613915070891,-0.0011666789539889837,0.000893394605666672,8.481720449542393e-06,0.004690755158662796,3.7165061712585157e-06,6.809301054519647e-08,0.0,0.0,0.7496773329266796,0.5682316422462463,0.9758053562376234,0.9993870258331299
60,val::math500::76::63d40f3702faa438::sample1,val::math500::76::63d40f3702faa438,5,1,math500,1.0,1.0,710,-0.5285033398815301,1.0066288345001986,-8.62717056274414,0.0,0.7555894039348703,0.00017917089280672371,0.5554246088759246,0.6970217254066361,0.11126760563380282,0.8452803071122617,-0.00034599407410595376,0.0005000773741772852,2.807966900898288e-07,2.4436738385702483e-05,3.041353124899615e-08,1.165889704348256e-09,0.0,0.0,0.8212264659119324,0.9142708778381348,0.9866774581687551,0.9998568892478943
60,val::math500::76::63d40f3702faa438::sample2,val::math500::76::63d40f3702faa438,6,2,math500,1.0,1.0,226,-0.4366910943781678,0.9204964078499356,-5.78551721572876,-3.576278118089249e-07,0.7953589179994027,0.00307172117754817,0.4435619666108311,0.5842743799540328,0.10176991150442478,0.933496200479567,-0.0007242826624017008,0.0005112473181614666,3.4159016642425995e-07,1.861722739704419e-05,1.768343099683989e-05,2.214563081484482e-09,0.0,0.0,0.849460161958648,0.6835996508598328,0.9920917490942288,0.9992561340332031
60,val::math500::76::63d40f3702faa438::sample3,val::math500::76::63d40f3702faa438,7,3,math500,1.0,1.0,544,-0.6561393231722641,1.2005167743689005,-9.696301460266113,-1.1920928244535389e-07,0.7188029726117774,6.151057459646836e-05,0.634230258610603,0.7203290444022621,0.13419117647058823,0.7567960712615331,0.0003131711591977179,-0.00032251451745932835,3.7244545290090276e-07,7.379818271147087e-05,7.811057116668962e-07,1.0624072535406281e-09,0.0,0.0,0.7938285450286725,0.9999448657035828,0.9833914036040797,0.9999851584434509
60,val::math500::165::b907a1ae74a7d44b::sample0,val::math500::165::b907a1ae74a7d44b,8,0,math500,1.0,1.0,429,-0.17831466752377897,0.6825249806430321,-7.1237568855285645,0.0,0.9195892985065962,0.0008057340164668858,0.15292744255011903,0.3520772828467506,0.03496503496503497,0.9933035578578711,0.0006095358923190237,-0.0005246864929990497,1.1893492579318193e-07,3.2887317047425313e-06,8.520267442690965e-07,8.3267376008612e-11,0.0,0.0,0.9455038259079406,0.9625701308250427,0.9990728833736517,0.999992311000824
60,val::math500::165::b907a1ae74a7d44b::sample1,val::math500::165::b907a1ae74a7d44b,9,1,math500,0.0,0.0,567,-0.10893345134707136,0.4176186915603044,-3.688833713531494,0.0,0.9402143494037146,0.025001144036650658,0.11779710703073097,0.27192717047643666,0.01763668430335097,0.9375453793909401,0.00016136965691085494,-0.0003122502399687246,1.539767800652644e-07,4.211270788800903e-05,9.766961284185527e-07,9.77280691245673e-10,0.0,0.0,0.9603703631189975,0.9737597107887268,0.999540773228573,0.9998269081115723
60,val::math500::165::b907a1ae74a7d44b::sample2,val::math500::165::b907a1ae74a7d44b,10,2,math500,1.0,1.0,636,-0.16864870237147206,0.6253435057939913,-9.048937797546387,0.0,0.9155781475895556,0.00011751579586416483,0.15827344201051735,0.32933016922679276,0.031446540880503145,0.9246269846335053,-5.0138496318793484e-05,-0.0002039959233116804,1.926177523597815e-07,1.983888796530664e-05,1.2396146757964743e-06,-3.283365070829439e-10,0.0,0.0,0.9414616687773908,0.9625108242034912,0.9992859283895612,0.9999875426292419
60,val::math500::165::b907a1ae74a7d44b::sample3,val::math500::165::b907a1ae74a7d44b,11,3,math500,1.0,1.0,230,-0.21391950905052295,0.6231238925732638,-5.7537665367126465,0.0,0.8895173507742584,0.003170815296471119,0.21762851292047078,0.4115388633550813,0.043478260869565216,0.9523412268608809,0.0009912146107336033,-0.0007258384739193617,6.643404584031187e-07,5.412775499280542e-05,1.0079886124003679e-05,-7.169414312045241e-10,0.0,0.0,0.9248493191988572,0.8249202370643616,0.9980182303034741,0.9993302822113037
60,val::math500::174::f537d36330f3b0f0::sample0,val::math500::174::f537d36330f3b0f0,12,0,math500,1.0,1.0,540,-0.14960375416109103,0.7050279111999298,-10.016085624694824,0.0,0.928827611872893,4.467548569664359e-05,0.14373372434014237,0.30896754647901903,0.018518518518518517,0.9651866722851992,0.00020400848593758725,-0.000217235406842256,1.4323077044985052e-07,2.1441952412715182e-05,1.1692620773828821e-06,5.668008179597422e-10,0.0,0.0,0.9455967324751394,0.9664387106895447,0.9996808114979002,0.9998385310173035
60,val::math500::174::f537d36330f3b0f0::sample1,val::math500::174::f537d36330f3b0f0,13,1,math500,1.0,1.0,435,-0.09761061230343249,0.3752801751328817,-4.579080581665039,0.0,0.9426228372251679,0.010264328680932522,0.10938232481511921,0.2792653256314046,0.011494252873563218,0.9448398952372372,0.00017163336852752054,-0.00019527835021560221,1.81369753501043e-07,1.9894114302587695e-05,1.3974296280139242e-06,7.520143728262807e-10,0.0,0.0,0.9570217112700145,0.9575516581535339,0.9994705901748833,0.9999366998672485
60,val::math500::174::f537d36330f3b0f0::sample2,val::math500::174::f537d36330f3b0f0,14,2,math500,1.0,1.0,487,-0.1566388933260337,0.5609316610020716,-6.9627461433410645,0.0,0.9186410264319308,0.0009464937611483037,0.1535090601337241,0.3199802192781135,0.028747433264887063,0.8107983847148716,0.0005263934609417577,-0.0003359388525537432,5.605661297354203e-08,1.5057585187605582e-06,7.998449973456445e-07,5.1915601860704175e-11,0.0,0.0,0.9422140463544113,0.9618973731994629,0.9993389158278275,0.9998289942741394
60,val::math500::174::f537d36330f3b0f0::sample3,val::math500::174::f537d36330f3b0f0,15,3,math500,1.0,1.0,412,-0.10947189759820615,0.35714980949072844,-3.168003797531128,0.0,0.9339135595262774,0.042087528854608536,0.11456370089337256,0.270826955010477,0.012135922330097087,0.9569602683186531,0.00010798423902720093,-0.0001779733539176549,8.66711340596587e-08,8.273613275378011e-06,8.273613275378011e-06,4.73632718668362e-10,0.0,0.0,0.9543591275521852,0.7672522664070129,0.9998000115156174,0.9997304677963257
60,val::math500::274::20410f435f0b3dd2::sample0,val::math500::274::20410f435f0b3dd2,16,0,math500,0.0,0.0,805,-0.4535046019431718,0.931501508587065,-7.979106903076172,0.0,0.7862077208707305,0.0003425452159717679,0.47482535002063114,0.6121744281319133,0.09440993788819876,0.9130188100971282,0.00021933310223469328,-0.0002652128554678239,8.462438850981568e-07,0.0001272425288334489,5.913696440984495e-06,1.2311051791796932e-09,0.0,0.0,0.8436867440894523,0.9624821543693542,0.9912194534858562,0.9998645186424255
60,val::math500::274::20410f435f0b3dd2::sample1,val::math500::274::20410f435f0b3dd2,17,1,math500,0.0,0.0,184,-0.5620804983369526,1.1591954172884555,-11.957356452941895,-4.768370445162873e-07,0.735535444067765,6.411890353774652e-06,0.6317630927700392,0.7080286468185302,0.11413043478260869,0.8396900002844632,0.0003538479034841976,9.688593088228082e-06,0.00015390385058292036,0.028185011819005013,1.9549632270354778e-05,4.384558537550559e-06,0.0,0.0,0.8025403500575087,0.8044838309288025,0.9838967132179633,0.9987645149230957
60,val::math500::274::20410f435f0b3dd2::sample2,val::math500::274::20410f435f0b3dd2,18,2,math500,0.0,0.0,586,-0.25282470855200345,0.8633055195057646,-16.11589241027832,0.0,0.8735876683800723,1.0022056784464439e-07,0.2762265307023371,0.4612475027145767,0.040955631399317405,0.951327876187861,0.00019775651643116334,-0.0004802730322785225,2.4015159562574147e-07,3.5021141229663044e-05,1.755766589894847e-07,2.769394315909946e-10,0.0,0.0,0.9063649374877226,0.946304976940155,0.9966764087969939,0.9997892379760742
60,val::math500::274::20410f435f0b3dd2::sample3,val::math500::274::20410f435f0b3dd2,19,3,math500,0.0,0.0,348,-0.2867295813871566,0.7743445565900215,-6.893575191497803,0.0,0.8591477579969763,0.0010142810642719269,0.287240176061302,0.4600762639816371,0.05459770114942529,0.9853631351143122,0.0009793718737672074,-0.001367330862812254,2.739958174320148e-07,1.683203663560562e-05,1.371599978483573e-06,5.628880572871285e-10,0.0,0.0,0.902355160350087,0.9398518204689026,0.9973635688937944,0.9999927878379822
60,val::math500::355::c4aaca40d829b95f::sample0,val::math500::355::c4aaca40d829b95f,20,0,math500,0.0,0.0,1101,-0.14970138898131088,0.5904724143195269,-8.138619422912598,0.0,0.9278813367751283,0.0002920401166193187,0.14132266081898787,0.3467405908054312,0.02633969118982743,0.9803293459117413,0.00018126982753950222,-8.607468084396645e-05,5.608486847134419e-07,1.56891364895273e-05,2.335026465516421e-06,4.439387409349496e-10,0.0,0.0,0.949629966680512,0.970457911491394,0.9987110332615478,0.9999918937683105
60,val::math500::355::c4aaca40d829b95f::sample1,val::math500::355::c4aaca40d829b95f,21,1,math500,0.0,0.0,501,-0.34213070276950613,1.081597467137409,-15.779021263122559,0.0,0.8453610074501646,1.4036479001333646e-07,0.3431513664041321,0.5505163882038179,0.04790419161676647,0.8316796985873225,-0.0006852904601073527,-3.641495967313889e-05,6.04101656286432e-06,0.002971029607579112,1.0741214282461442e-05,5.7413338826304404e-08,0.0,0.0,0.879112482784751,0.775752067565918,0.9947925399163526,0.9998633861541748
60,val::math500::355::c4aaca40d829b95f::sample2,val::math500::355::c4aaca40d829b95f,22,2,math500,0.0,0.0,948,-0.19592313623189156,0.5732012408381846,-6.00650691986084,0.0,0.8935244385060218,0.0024626755621284246,0.21100422100988261,0.38277672532901974,0.029535864978902954,0.9069485636427999,7.218332657833588e-05,-8.364789464855616e-05,5.170287910983737e-07,3.8716065319022164e-05,3.8716065319022164e-05,1.2553332247437815e-09,0.0,0.0,0.9214056435076496,0.7525736689567566,0.9988114325809077,0.999900221824646
60,val::math500::355::c4aaca40d829b95f::sample3,val::math500::355::c4aaca40d829b95f,23,3,math500,0.0,0.0,651,-0.26023609763492245,0.6843046068010556,-5.580970287322998,-1.1920928244535389e-07,0.8716000121028896,0.003768906695768237,0.25796226290063096,0.4758107702604537,0.05222734254992319,0.9138468196615577,0.00017420233983502626,-0.00017197144370969964,1.1723218324345935e-06,0.00025423362967558205,5.471828323777572e-09,4.053235827346431e-09,0.0,0.0,0.9118151131633973,0.9465770125389099,0.9965817439391317,0.9999963641166687
60,val::math500::365::22fe24f8406687ac::sample0,val::math500::365::22fe24f8406687ac,24,0,math500,0.0,0.0,703,-0.26896424644283956,0.8027208230037374,-7.359874725341797,0.0,0.8784430403210047,0.0006362781277857721,0.25027804387402514,0.4788664181262212,0.04836415362731152,0.8488451595185325,-0.0007080951456245939,0.0006470399452932599,3.8165933304619623e-07,0.00013259855040814728,9.687197234597988e-06,1.7887032778773395e-09,0.0,0.0,0.9134891955857596,0.424346387386322,0.9964502887908968,0.9994382262229919
60,val::math500::365::22fe24f8406687ac::sample1,val::math500::365::22fe24f8406687ac,25,1,math500,0.0,0.0,865,-0.28820133211316107,0.779388588572831,-6.595345973968506,0.0,0.866375339188683,0.0013667140156030655,0.29500339792798225,0.5399574668018698,0.06011560693641618,0.9505842104554176,-0.00042483756931849806,0.0003592640032073975,2.1442544042319876e-06,0.0006748770247213542,2.3618898921995424e-05,9.2813369869999e-09,0.0,0.0,0.9038306202674877,0.8577318787574768,0.9942157163096301,0.9986695647239685
60,val::math500::365::22fe24f8406687ac::sample2,val::math500::365::22fe24f8406687ac,26,2,math500,0.0,0.0,1059,-0.49278233283302386,1.270485885659636,-11.839588165283203,0.0,0.8135289780298669,7.213269782369025e-06,0.4765720759784803,0.7807605633218605,0.09254013220018886,0.7663787936672293,-0.0007538331725125141,0.0007385182152457968,0.00012734566287480237,0.10983018577098846,1.1495151284179883e-06,6.453237747198064e-07,0.0009442870632672333,0.0,0.8631596756893244,0.9208850264549255,0.9814039340437978,0.9938836097717285
60,val::math500::365::22fe24f8406687ac::sample3,val::math500::365::22fe24f8406687ac,27,3,math500,0.0,0.0,1645,-0.14193494386598732,0.5758963530491373,-10.637513160705566,0.0,0.9309699020560664,2.399864752078429e-05,0.13545209979329872,0.32098681182578387,0.02553191489361702,0.9835723824799061,7.697610111229953e-05,-6.659989139196697e-05,2.482137156186498e-07,0.0001950096630025655,2.622882129799109e-05,1.3441934304241177e-10,0.0,0.0,0.9534239520236714,0.9525128602981567,0.9989372283129706,0.9999784827232361
60,val::math500::425::20f77fefd0c2a9e5::sample0,val::math500::425::20f77fefd0c2a9e5,28,0,math500,0.0,0.0,2048,-0.31599728350108613,0.9047069830172639,-13.1796236038208,0.0,0.857275780897219,1.8886964880948653e-06,0.33290251012969024,0.6636012226441081,0.0634765625,0.9907088708132505,6.864230834528917e-05,-6.488256195034382e-05,0.00023308398614465886,0.3736845850944519,2.312550151373216e-10,-2.4755304653760805e-07,0.00048828125,0.00048828125,0.8935368311213097,0.9999992847442627,0.9912112333695404,0.9999998807907104
60,val::math500::425::20f77fefd0c2a9e5::sample1,val::math500::425::20f77fefd0c2a9e5,29,1,math500,0.0,0.0,695,-0.29615941203281926,0.8022702740205735,-7.897094249725342,0.0,0.8610281395416443,0.00037182241794653237,0.25959396526431827,0.45003192982756735,0.05611510791366906,0.9635612932033837,0.0002270671347417825,-0.00019166007565638132,1.6003498221866845e-05,0.010629392229020596,5.055147084931377e-06,9.700398285338015e-08,0.0,0.0,0.9081428996521792,0.9322968125343323,0.9971766115950166,0.9999791383743286
60,val::math500::425::20f77fefd0c2a9e5::sample2,val::math500::425::20f77fefd0c2a9e5,30,2,math500,0.0,0.0,772,-0.33159914120248807,0.8359058436095981,-9.51607894897461,0.0,0.8432091211821531,7.365791680058464e-05,0.3114262453839494,0.5001171407210787,0.06217616580310881,0.9402954876422882,0.0005883435436852277,-0.0005779018763635767,8.612682482103001e-07,0.0005125717725604773,9.158316061075311e-06,5.694000645892223e-09,0.0,0.0,0.8916374667320844,0.9623778462409973,0.9958483626187774,0.9999247789382935
60,val::math500::425::20f77fefd0c2a9e5::sample3,val::math500::425::20f77fefd0c2a9e5,31,3,math500,0.0,0.0,1273,-0.14619495912976946,0.6024789592899444,-10.187597274780273,0.0,0.9296470065846569,3.763420318136923e-05,0.14112193500040354,0.33779634952802684,0.024351924587588374,0.8994951477507129,7.717578318633154e-05,-7.98510683726881e-05,5.713072271715511e-07,2.93109733320307e-05,2.350918839510996e-05,1.3744549225713866e-09,0.0,0.0,0.9498330619704134,0.8537476658821106,0.9989206765640091,0.9995859861373901
120,val::math500::52::c4a59c042fb03f9e::sample0,val::math500::52::c4a59c042fb03f9e,0,0,math500,0.0,0.0,282,-0.3422500220285967,0.8613693599955492,-5.675958633422852,0.0,0.8475193279037411,0.0034273818600922823,0.31922290567645983,0.5594032299541447,0.08156028368794327,0.8332744030340109,-0.0021956210446128625,0.002049675040585741,5.395867081594997e-07,6.610427954001352e-05,2.997561523443437e-06,5.753881474505989e-09,0.0,0.0,0.893793114797866,0.970240592956543,0.994844339840801,0.9999398589134216
120,val::math500::52::c4a59c042fb03f9e::sample1,val::math500::52::c4a59c042fb03f9e,1,1,math500,0.0,0.0,322,-0.2436682191998595,0.6309778550164744,-4.568153381347656,0.0,0.8788426450962744,0.01037710439413786,0.2388489006173589,0.4999569868896673,0.062111801242236024,0.9370951134187635,-0.0002237450591153253,0.00022907042196881888,5.435096221598511e-07,7.403419294860214e-05,1.855859522947867e-06,6.261194217227311e-09,0.0,0.0,0.9145686219660392,0.990383505821228,0.9961966276168823,0.9998742938041687
120,val::math500::52::c4a59c042fb03f9e::sample2,val::math500::52::c4a59c042fb03f9e,2,2,math500,1.0,1.0,297,-0.09513080373342331,0.3370702156832199,-2.3578975200653076,0.0,0.9426283592527563,0.09461894631385803,0.12168731443656679,0.37105818917496325,0.016835016835016835,0.9522719180677086,-4.995173778767435e-06,7.144301122026385e-05,9.57370501291133e-07,0.00010966470290441066,6.778572725352205e-08,1.2218746800878744e-08,0.0,0.0,0.9581943824636414,0.9625552296638489,0.9985697472135627,0.9999486207962036
120,val::math500::52::c4a59c042fb03f9e::sample3,val::math500::52::c4a59c042fb03f9e,3,3,math500,0.0,0.0,322,-0.16114332757412822,0.4845096470654616,-3.0824389457702637,0.0,0.9126360806063836,0.04584730044007301,0.1910851344704788,0.4318259873268717,0.040372670807453416,0.9420889593893662,-0.0002926821952689775,0.00014744700297163535,1.1056485189770242e-06,4.931101284455508e-05,3.3669305139483185e-06,1.6260664462852324e-08,0.0,0.0,0.9318720658558496,0.9034730195999146,0.9977269213392127,0.9998674988746643
120,val::math500::76::63d40f3702faa438::sample0,val::math500::76::63d40f3702faa438,4,0,math500,1.0,1.0,501,-0.7094120229617444,1.4672942293180284,-14.712813377380371,0.0,0.7128493874332953,4.076677271314111e-07,0.664444312086048,0.711953357388605,0.12574850299401197,0.5756983266292082,-0.0014690063051628398,0.0009398525539052354,4.32245106237407e-07,6.832894723629579e-05,9.329565727966838e-06,3.5090232645188744e-09,0.0,0.0,0.783847356122173,0.6329761147499084,0.9835966473330042,0.9986873269081116
120,val::math500::76::63d40f3702faa438::sample1,val::math500::76::63d40f3702faa438,5,1,math500,1.0,1.0,369,-0.5281310104918582,1.0583500712191132,-7.705432415008545,0.0,0.7646666158730988,0.0004503738891799003,0.5335038425300689,0.6859885818326464,0.10840108401084012,0.8707237915368751,0.00038940055106916017,-0.0002641851644443695,4.1544664394905047e-07,5.555814641411416e-05,1.2039092325721867e-05,2.5172570110082535e-09,0.0,0.0,0.8274294754192435,0.6361302733421326,0.9869407434773639,0.9996866583824158
120,val::math500::76::63d40f3702faa438::sample2,val::math500::76::63d40f3702faa438,6,2,math500,1.0,1.0,516,-0.4477765339693697,0.9663828943906282,-12.798158645629883,0.0,0.7740514885771727,2.7658609269565204e-06,0.5495580929839949,0.6565879898473125,0.07170542635658915,0.946222186088562,0.00023141793304034514,-0.00030374374308673183,3.10464591726822e-07,8.91836461960338e-05,5.7456795730104204e-06,2.4501790484643396e-09,0.0,0.0,0.8179880082896052,0.9954476356506348,0.9883257692405419,0.9995831847190857
120,val::math500::76::63d40f3702faa438::sample3,val::math500::76::63d40f3702faa438,7,3,math500,1.0,1.0,455,-0.43131788704323926,0.9528716328121731,-7.203221797943115,0.0,0.8008345171765701,0.0007441843627020717,0.42966141398149543,0.5569128288820996,0.07912087912087912,0.859979348428169,-0.000654773077601897,0.0005164932180969066,1.3127248083093483e-07,1.1355547030689195e-05,1.5286119605661952e-06,3.6501962752964346e-10,0.0,0.0,0.8502755716934309,0.9839795827865601,0.9944285128142808,0.999931812286377
120,val::math500::165::b907a1ae74a7d44b::sample0,val::math500::165::b907a1ae74a7d44b,8,0,math500,1.0,1.0,749,-0.1732829123916688,0.6122977676304818,-9.855474472045898,0.0,0.9117162417484392,5.245922147878446e-05,0.18556217148704696,0.402538867163014,0.029372496662216287,0.884984262753278,0.0003166157549092969,-0.000315437910142656,6.11514652944606e-06,0.0025466836523264647,3.150216571157216e-06,1.7804158867620605e-09,0.0,0.0,0.9362687912181478,0.9578733444213867,0.9978861515926264,0.9999921917915344
120,val::math500::165::b907a1ae74a7d44b::sample1,val::math500::165::b907a1ae74a7d44b,9,1,math500,1.0,1.0,688,-0.20100575519610608,0.5664107795342711,-4.894900798797607,0.0,0.8926967325617646,0.007484652101993561,0.21320767729384452,0.4082059924806901,0.036337209302325583,0.9511653613299131,0.0003204320821252947,-0.0003546108363857747,1.0219258719659037e-07,2.3084554413799196e-05,3.952406586904544e-06,-6.559528682826165e-11,0.0,0.0,0.9214144026817277,0.9963206052780151,0.9985314382370128,0.999957799911499
120,val::math500::165::b907a1ae74a7d44b::sample2,val::math500::165::b907a1ae74a7d44b,10,2,math500,1.0,1.0,459,-0.23190937697336111,0.7186869997341163,-6.571163654327393,0.0,0.8887247122643609,0.0014001672388985753,0.23111813185480706,0.4094419779187756,0.0457516339869281,0.9470683624967933,0.0005804073778944528,-0.0003690781337760557,5.706576564017192e-07,4.538754728855565e-05,7.67604069551453e-06,5.247520142785031e-09,0.0,0.0,0.9175606731625684,0.97296541929245,0.9981627635706484,0.9995166659355164
120,val::math500::165::b907a1ae74a7d44b::sample3,val::math500::165::b907a1ae74a7d44b,11,3,math500,1.0,1.0,499,-0.15997308253737408,0.5029806459732045,-4.141047477722168,0.0,0.9145129231403849,0.015906181186437607,0.1609591294365394,0.35738070179560516,0.03206412825651302,0.9956189505755901,0.0007326250420012709,-0.0007621167695748741,2.6900895340877806e-07,5.414345287135802e-05,3.8125676837807987e-07,-1.754807557972289e-09,0.0,0.0,0.9409229969811105,0.9706465005874634,0.998968339993624,0.9999954700469971
120,val::math500::174::f537d36330f3b0f0::sample0,val::math500::174::f537d36330f3b0f0,12,0,math500,1.0,1.0,395,-0.09150868468617204,0.2846653195399496,-2.759042263031006,0.0,0.9376339648531962,0.06335241347551346,0.13493732438979444,0.28944914605732197,0.007594936708860759,0.9521921146661043,0.00022067922604611162,-0.00041228473598190494,4.3128042541210756e-08,1.5534735666733468e-06,6.284374762799416e-07,9.182745894771104e-11,0.0,0.0,0.9465609724763073,0.9704170227050781,0.9997180280806143,0.9999507069587708
120,val::math500::174::f537d36330f3b0f0::sample1,val::math500::174::f537d36330f3b0f0,13,1,math500,1.0,1.0,445,-0.2015174915345152,0.672210233226829,-6.561352729797363,0.0,0.9044167968049499,0.0014139717677608132,0.17028147357715576,0.3616452000685344,0.035955056179775284,0.9909155461937189,0.0008886958731929865,-0.0006686956313326392,7.80607959163572e-08,3.826673946605297e-06,8.00305031134485e-07,1.3054797352521346e-11,0.0,0.0,0.9328064092759336,0.9624505639076233,0.9992384219437502,0.9999769926071167
120,val::math500::174::f537d36330f3b0f0::sample2,val::math500::174::f537d36330f3b0f0,14,2,math500,1.0,1.0,222,-0.2132670888013964,0.7375215915370219,-7.125810623168945,0.0,0.9025341868455635,0.0008040809188969433,0.1723070118453702,0.34545987163830394,0.03153153153153153,0.934827272372786,-0.00026100749432053237,-0.0006270090165198028,2.1143717016105018e-07,1.300687563343672e-05,3.1298895919462666e-06,2.833226744966368e-09,0.0,0.0,0.9352430536134823,0.9516928791999817,0.9992070340358459,0.9999697804450989
120,val::math500::174::f537d36330f3b0f0::sample3,val::math500::174::f537d36330f3b0f0,15,3,math500,1.0,1.0,427,-0.11263446922107283,0.40862235003875935,-3.7307662963867188,0.0,0.9359192074357207,0.023974457755684853,0.1232798960409562,0.28764561960077706,0.01873536299765808,0.9790110597386956,0.00024839430579029644,-0.00027583475871448623,3.519968904956047e-07,3.453353565419093e-05,8.733177310205065e-06,2.5204456549671937e-09,0.0,0.0,0.9519774660433205,0.9768902659416199,0.9996455046555477,0.9999966025352478
120,val::math500::274::20410f435f0b3dd2::sample0,val::math500::274::20410f435f0b3dd2,16,0,math500,0.0,0.0,573,-0.3731863493963429,0.89268690746765,-6.9044270515441895,0.0,0.8280442530123914,0.0010033338330686092,0.3783393366771837,0.5497472885135332,0.07504363001745201,0.9650809103623033,0.0011705819344728088,-0.0010329289992535315,1.0464456281589905e-07,5.4202992032514885e-06,5.211177267483436e-07,2.6696872448981275e-10,0.0,0.0,0.8758766224663087,0.9706494808197021,0.9937637985064721,0.999995768070221
120,val::math500::274::20410f435f0b3dd2::sample1,val::math500::274::20410f435f0b3dd2,17,1,math500,0.0,0.0,716,-0.4634822637650774,1.1252234091836435,-11.001688003540039,0.0,0.7979939365303144,1.6673531717970036e-05,0.4588298729350859,0.6321222283377246,0.08659217877094973,0.8887728676199913,0.0006567314935257299,-0.0006208906401906246,4.203556860704272e-07,3.424143869779073e-05,5.577460342465201e-06,2.0762803848040373e-09,0.0,0.0,0.8516418032306533,0.9663035869598389,0.9895510675187883,0.9999862313270569
120,val::math500::274::20410f435f0b3dd2::sample2,val::math500::274::20410f435f0b3dd2,18,2,math500,0.0,0.0,467,-0.6206716949847505,1.3183267937953018,-10.147419929504395,0.0,0.7500501933216396,3.917702997568995e-05,0.6188805244021337,0.7881218411436156,0.11991434689507495,0.9335185410454869,0.0007447717624294344,-0.0004420356310318408,2.1623671331637475e-06,0.00019021888147108257,0.00017988431500270963,1.543822527432123e-08,0.0,0.0,0.8142216080197431,0.9411085844039917,0.9785817744134581,0.9991971254348755
120,val::math500::274::20410f435f0b3dd2::sample3,val::math500::274::20410f435f0b3dd2,19,3,math500,0.0,0.0,444,-0.4723300713849573,1.1287888864130688,-10.222881317138672,0.0,0.7971104672044005,3.6329471186036244e-05,0.4737823298696177,0.6747164464585172,0.08558558558558559,0.9621688248589635,0.0009290239771660632,-0.0009391218469853021,1.9128367427046944e-07,1.197014807985397e-05,1.2448854249669239e-06,1.5576812996349327e-09,0.0,0.0,0.84736380182408,0.9666033387184143,0.98832673653289,0.9999933838844299
120,val::math500::355::c4aaca40d829b95f::sample0,val::math500::355::c4aaca40d829b95f,20,0,math500,1.0,1.0,389,-0.25766694605395873,0.7143561582704478,-5.538886070251465,0.0,0.8728476539266159,0.003930903505533934,0.27502679211531483,0.48578802891068784,0.04627249357326478,0.8569880717259366,0.0007570358779033251,-0.0006022204182657548,1.0820462127822208e-07,7.414119863824453e-06,5.05328625877155e-06,1.0669684974670373e-10,0.0,0.0,0.9030218809689838,0.5310112237930298,0.9960126794089389,0.9999369978904724
120,val::math500::355::c4aaca40d829b95f::sample1,val::math500::355::c4aaca40d829b95f,21,1,math500,0.0,0.0,788,-0.21450912397146676,0.6413077296702774,-5.534221172332764,0.0,0.8928851793605248,0.00394928315654397,0.2149773551126079,0.41713271916318506,0.04187817258883249,0.9867516625672579,0.0005312159419630071,-0.00044141591017306085,1.582304311291102e-07,5.0937014748342335e-06,1.106905187953089e-06,2.138307498955023e-10,0.0,0.0,0.923952775123307,0.9739037752151489,0.9979170065392092,0.9999955296516418
120,val::math500::355::c4aaca40d829b95f::sample2,val::math500::355::c4aaca40d829b95f,22,2,math500,0.0,0.0,2048,-0.18351689336712487,0.6356654955287001,-10.601872444152832,0.0,0.9101855104021022,2.4869399567251094e-05,0.17644627594724505,0.38552717198141484,0.03466796875,0.8432745696045458,-7.702374464797548e-05,7.311401090946438e-05,3.7980481739000242e-06,0.0003799569676630199,8.939324288803618e-06,7.689312280854784e-09,0.0,0.0,0.9364213787048357,0.9999496340751648,0.9983666030457243,0.9999998807907104
120,val::math500::355::c4aaca40d829b95f::sample3,val::math500::355::c4aaca40d829b95f,23,3,math500,0.0,0.0,1981,-0.29883739116146957,0.8240893447778725,-12.801170349121094,0.0,0.8596007311757294,2.757543597908807e-06,0.30960829772793713,0.5344866896132314,0.05956587582029278,0.9902989286929369,-7.84329492350883e-05,9.02362711651238e-05,2.5173780831707047e-06,0.0002611860691104084,1.1870825801452156e-05,5.085432874072877e-09,0.0,0.0,0.8940445658182448,0.9714871644973755,0.9946625549524857,0.9999917149543762
120,val::math500::365::22fe24f8406687ac::sample0,val::math500::365::22fe24f8406687ac,24,0,math500,0.0,0.0,882,-0.2468401377941704,0.6778735980874757,-7.875563621520996,0.0,0.8745406722079272,0.0003799147962126881,0.24320520887087124,0.42550844650483305,0.046485260770975055,0.8450151509605348,-0.0004473240228375208,0.00041276142183490337,6.398350544716948e-08,7.7115755630075e-06,7.7115755630075e-06,1.737166574300806e-10,0.0,0.0,0.9118844694764165,0.7151321172714233,0.9984528916357867,0.9996748566627502
120,val::math500::365::22fe24f8406687ac::sample1,val::math500::365::22fe24f8406687ac,25,1,math500,0.0,0.0,944,-0.1677497375601509,0.5945899162351813,-8.4714994430542,0.0,0.915238502322578,0.00020935075008310378,0.16868723420919898,0.36465166821420203,0.028601694915254237,0.9052244164049625,-0.00024534799484115556,0.00023880247524563547,1.5021175417583054e-07,4.008998803328723e-05,2.9439695481414674e-07,4.2862375212430944e-10,0.0,0.0,0.939229702955838,0.9623886346817017,0.9988766808252213,0.9998462796211243
120,val::math500::365::22fe24f8406687ac::sample2,val::math500::365::22fe24f8406687ac,26,2,math500,0.0,0.0,2048,-0.26005932069998133,0.707425381258343,-8.7947359085083,0.0,0.869106545841781,0.00015152864216361195,0.2698695863918459,0.4643853834952743,0.04931640625,0.8782789716497064,-6.671521801524542e-05,7.918664751130198e-05,3.529463136375969e-07,7.484419620595872e-05,7.811153750481026e-07,4.0610525123104394e-10,0.0,0.0,0.9037277242750861,0.9999570846557617,0.9971483781991992,0.9999998807907104
120,val::math500::365::22fe24f8406687ac::sample3,val::math500::365::22fe24f8406687ac,27,3,math500,0.0,0.0,720,-0.2991000787905047,0.8306942274090328,-9.125279426574707,0.0,0.8623652094755017,0.00010887834650930017,0.24990841107391126,0.4342645298179959,0.05555555555555555,0.7791315097711049,-0.000997008962156212,0.0007447423847563286,9.933604848442074e-08,2.743061304499861e-05,8.693963536643423e-06,5.502451788891952e-10,0.0,0.0,0.9059700442064139,0.5541154742240906,0.9984988633129331,0.9995027780532837
120,val::math500::425::20f77fefd0c2a9e5::sample0,val::math500::425::20f77fefd0c2a9e5,28,0,math500,0.0,0.0,2048,-0.1807973562651217,0.6189349199219409,-9.55209732055664,0.0,0.9104647406141346,7.105209078872576e-05,0.19376002051660512,0.41955737465393395,0.03466796875,0.9958552643656731,2.2726512445772182e-05,-2.6632278704317896e-05,1.2163227669040476e-05,0.0027892107609659433,1.670115852903109e-05,2.6456467569315757e-08,0.0,0.0,0.9339019170947722,0.9999673366546631,0.9976663283887319,0.9999964237213135
120,val::math500::425::20f77fefd0c2a9e5::sample1,val::math500::425::20f77fefd0c2a9e5,29,1,math500,0.0,0.0,665,-0.2515973677935392,0.7068795144589254,-7.603564262390137,0.0,0.8781626733391077,0.0004986708518117666,0.2413429963570374,0.4639843170782026,0.04962406015037594,0.9981989618390799,0.0007128246611410565,-0.0006974401725330889,3.79066158988015e-07,1.1478746273496654e-05,2.0609504645108245e-06,1.218958645552237e-09,0.0,0.0,0.9145650661529455,0.9705972075462341,0.9970914329801287,0.9999769330024719
120,val::math500::425::20f77fefd0c2a9e5::sample2,val::math500::425::20f77fefd0c2a9e5,30,2,math500,0.0,0.0,486,-0.29846570077435475,0.695885367230638,-4.667211532592773,0.0,0.846715272776016,0.009398439899086952,0.3128723527820585,0.4951764705402466,0.051440329218107,0.9761514514684677,0.000614075984294419,-0.00044687292239433275,2.2369706464606005e-07,8.39805397845339e-06,4.31210001039517e-09,1.0821539976263184e-09,0.0,0.0,0.8873652003000303,0.9578249454498291,0.9966251989941538,0.9999483227729797
120,val::math500::425::20f77fefd0c2a9e5::sample3,val::math500::425::20f77fefd0c2a9e5,31,3,math500,0.0,0.0,1961,-0.18679763479652847,0.5943256167100557,-10.996649742126465,0.0,0.9020304806876082,1.6757749108364806e-05,0.2082702265757824,0.4237128937073785,0.03314635390107088,0.9970955085009336,2.595253197988247e-05,-4.97338851251734e-05,6.544269012361011e-06,0.0007096236804500222,2.9534408895415254e-05,1.743363700921884e-08,0.0,0.0,0.9266957266713088,0.946528434753418,0.997836703125887,0.9999870657920837
180,val::math500::52::c4a59c042fb03f9e::sample0,val::math500::52::c4a59c042fb03f9e,0,0,math500,1.0,1.0,248,-0.10328137437717054,0.38634648518474524,-3.408799886703491,0.0,0.9419144953360721,0.03308087959885597,0.11300682779840363,0.3014709973439423,0.020161290322580645,0.9113190300995484,2.949396337561619e-05,-0.00040687896201229323,1.132708988838704e-07,2.9023092338320566e-06,2.7121161565446528e-06,-1.6089573529285366e-10,0.0,0.0,0.9591635522102157,0.7508631944656372,0.9994802357208344,0.9996592402458191
180,val::math500::52::c4a59c042fb03f9e::sample1,val::math500::52::c4a59c042fb03f9e,1,1,math500,1.0,1.0,485,-0.18086248603207072,0.5509481470918067,-5.009288311004639,0.0,0.9041813461484445,0.00667565269395709,0.1968854853396111,0.4469820006908363,0.0288659793814433,0.8367432970553637,6.116173263842224e-05,0.00021175835375830207,4.989651778088157e-06,0.0011375801404938102,0.0011375801404938102,5.16112788213756e-08,0.0,0.0,0.9286665205181259,0.9715604186058044,0.997013182984185,0.9990729093551636
180,val::math500::52::c4a59c042fb03f9e::sample2,val::math500::52::c4a59c042fb03f9e,2,2,math500,0.0,0.0,393,-0.16357146300812447,0.5194431330626328,-4.219118118286133,0.0,0.9150618442189679,0.014711612835526466,0.17368805012923177,0.3866733607989674,0.04071246819338423,0.9158013530541211,0.00013967964660539198,-0.00013098963995279643,6.427905611978163e-07,3.533100971253589e-05,1.6284524463117123e-05,7.284763618247454e-09,0.0,0.0,0.9384210957143143,0.9750219583511353,0.9985826725268182,0.9997090101242065
180,val::math500::52::c4a59c042fb03f9e::sample3,val::math500::52::c4a59c042fb03f9e,3,3,math500,1.0,1.0,326,-0.13486527888260064,0.4256560126466164,-3.7596633434295654,0.0,0.9216200713228229,0.023291580379009247,0.16596567999977535,0.3544555552418794,0.024539877300613498,0.9696362977847457,0.0010668883803822678,-0.0010055900488017658,3.0691884272873683e-07,3.114167702733539e-05,2.0236406328422163e-07,1.1058682430713219e-09,0.0,0.0,0.939901113053041,0.962522566318512,0.9994244657776838,0.9999357461929321
180,val::math500::76::63d40f3702faa438::sample0,val::math500::76::63d40f3702faa438,4,0,math500,1.0,1.0,233,-0.28057975144673697,0.7238984996990836,-4.479691982269287,0.0,0.8659445476586343,0.01133690495043993,0.23607825779870778,0.42304607661263033,0.05150214592274678,0.9133587717078626,0.001300591350473805,-0.0004992114765113625,4.759212539607998e-07,4.485877070692368e-05,1.5060529676702572e-06,3.338666547666158e-09,0.0,0.0,0.9193014457757892,0.9694581031799316,0.9979809197745098,0.9999606013298035
180,val::math500::76::63d40f3702faa438::sample1,val::math500::76::63d40f3702faa438,5,1,math500,1.0,1.0,373,-0.6234734339298074,1.2770067568925108,-8.478940963745117,0.0,0.7519317685233818,0.00020779864280484617,0.5482893324659723,0.7205361154805756,0.13672922252010725,0.9407880008220673,0.0013362031558873345,-0.000685461374249841,2.506462175566465e-07,1.3422240954241715e-05,7.337920919781027e-07,1.3303667929484963e-09,0.0,0.0,0.8235315502329102,0.9999603033065796,0.9847586298755922,0.9999905824661255
180,val::math500::76::63d40f3702faa438::sample2,val::math500::76::63d40f3702faa438,6,2,math500,1.0,1.0,397,-0.2895023247806624,0.8269366307219644,-8.504132270812988,0.0,0.8676244041107795,0.00020262932230252773,0.2597570601957265,0.4576171878817129,0.055415617128463476,0.9065053515369073,0.0005818075967095242,-0.0006668265966408551,1.4998233951482552e-07,1.773715666786302e-05,1.773715666786302e-05,5.598141818759785e-10,0.0,0.0,0.9068510530877774,0.9976537823677063,0.997568634054823,0.9997861981391907
180,val::math500::76::63d40f3702faa438::sample3,val::math500::76::63d40f3702faa438,7,3,math500,0.0,0.0,1407,-0.6354639323887727,1.1016864755734792,-10.09591007232666,0.0,0.7240688731747882,4.1247913031838834e-05,0.6450736500194866,0.8099572328202188,0.1677327647476901,0.7487780633673538,-0.00022096355603328378,0.0002639679761098817,1.7955379794212247e-05,0.024047991260886192,1.1854195690830238e-05,6.789730798856711e-08,0.0,0.0,0.7748640338336227,0.48781025409698486,0.9750723885829007,0.9991507530212402
180,val::math500::165::b907a1ae74a7d44b::sample0,val::math500::165::b907a1ae74a7d44b,8,0,math500,1.0,1.0,574,-0.10910722091396431,0.3809048286225759,-4.018637180328369,0.0,0.9353569206466917,0.01797744818031788,0.12307431963374518,0.2738177852110263,0.012195121951219513,0.9482452757656574,0.00038503486818767385,-0.00043086857750255635,7.083826997438561e-08,1.1052718036808074e-05,5.719966793549247e-06,2.9424957473483587e-12,0.0,0.0,0.955089588042751,0.9909934401512146,0.9996729368532161,0.9989981651306152
180,val::math500::165::b907a1ae74a7d44b::sample1,val::math500::165::b907a1ae74a7d44b,9,1,math500,1.0,1.0,584,-0.16475029612349593,0.45997199904635205,-3.3721160888671875,0.0,0.9056671843672656,0.03431694209575653,0.18496889387982968,0.37161964692195704,0.030821917808219176,0.979759344831109,0.0005828019899968817,-0.0006025339345878668,8.991154370171427e-06,0.005208894144743681,0.005208894144743681,9.141230915988571e-08,0.0,0.0,0.9305479148377295,0.9926396608352661,0.9991871817675355,0.9988806247711182
180,val::math500::165::b907a1ae74a7d44b::sample2,val::math500::165::b907a1ae74a7d44b,10,2,math500,0.0,0.0,595,-0.2225871828415786,0.6839917496405564,-8.625377655029297,0.0,0.8911962736304311,0.00017949241737369448,0.20829167036432128,0.40796259231012705,0.0453781512605042,0.8978288061916828,0.0003442409119410497,-0.0001295360064243185,3.0497791185211654e-07,0.00010111721348948777,1.719548322398623e-06,-6.274751444061271e-10,0.0,0.0,0.924922483057535,0.9768238663673401,0.9983790223338023,0.9999635815620422
180,val::math500::165::b907a1ae74a7d44b::sample3,val::math500::165::b907a1ae74a7d44b,11,3,math500,1.0,1.0,427,-0.15723401077986401,0.5438362232000663,-4.166385173797607,0.0,0.923442574935492,0.015508218668401241,0.13874014718023617,0.32523019604698833,0.0351288056206089,0.9987216871231794,0.0006044591453378254,-0.000515153475852608,7.798780148311644e-07,0.00029592675855383277,3.8121422107906255e-07,7.561110714475138e-09,0.0,0.0,0.9508503253901033,0.9705384373664856,0.9994244942620432,0.9999918341636658
180,val::math500::174::f537d36330f3b0f0::sample0,val::math500::174::f537d36330f3b0f0,12,0,math500,1.0,1.0,286,-0.19719558883698438,0.6971871764695717,-5.804489612579346,0.0,0.9096244295604748,0.0030139926820993423,0.1526249531916955,0.31977133137664476,0.027972027972027972,0.9655600728001446,-0.0005364391560003226,-0.00032119312914102334,5.235174215793254e-07,5.475728175952099e-05,6.922427928657271e-06,8.951729652251646e-09,0.0,0.0,0.9395283280344277,0.8774423003196716,0.9994569145716153,0.9999759793281555
180,val::math500::174::f537d36330f3b0f0::sample1,val::math500::174::f537d36330f3b0f0,13,1,math500,1.0,1.0,447,-0.16493647255937754,0.6183290815708585,-7.507691383361816,0.0,0.9169454937393181,0.0005488467286340892,0.15375523758931375,0.3153797681100583,0.02237136465324385,0.9957915935665369,0.00019304294093217653,-0.00028601975106248086,7.987458151623874e-08,4.695752068073489e-06,3.5805717857329e-07,1.1894355185799947e-10,0.0,0.0,0.9387761460454672,0.970374345779419,0.9996347534043144,0.999979555606842
180,val::math500::174::f537d36330f3b0f0::sample2,val::math500::174::f537d36330f3b0f0,14,2,math500,1.0,1.0,510,-0.18086901172244801,0.5505568351580981,-5.278439998626709,0.0,0.904454185957016,0.0051003810949623585,0.16795417089244952,0.3375034835522589,0.03333333333333333,0.8860260844230652,-6.752202365103429e-05,-3.4222989876534614e-05,3.5999013312186447e-07,0.0001331909152213484,3.516905522360503e-08,7.107084819235717e-10,0.0,0.0,0.9346009604778944,0.9626168012619019,0.9996000791297239,0.9999831914901733
180,val::math500::174::f537d36330f3b0f0::sample3,val::math500::174::f537d36330f3b0f0,15,3,math500,1.0,1.0,418,-0.12497139259275954,0.4459558962493059,-5.287285327911377,0.0,0.9277061001491247,0.0050554657354950905,0.14957041610485655,0.3310782781243405,0.01674641148325359,0.80941338246339,-0.00032406341001889094,8.799015269589892e-05,2.41910361019367e-07,3.7040350434836e-05,7.507587724830955e-07,1.854505817778538e-09,0.0,0.0,0.9414390865980723,0.7967762351036072,0.9996540265505394,0.9998084306716919
180,val::math500::274::20410f435f0b3dd2::sample0,val::math500::274::20410f435f0b3dd2,16,0,math500,0.0,0.0,300,-0.6794466244125916,1.2840770491327946,-10.23328685760498,-4.768370445162873e-07,0.7096357073376324,3.595340240281075e-05,0.694297106168339,0.7815529452817386,0.13333333333333333,0.8396030481671914,-6.426181056852693e-05,0.0012001012527262534,3.873496810324895e-07,3.0632243579020724e-05,1.3289952221384738e-05,3.740812475117715e-09,0.0,0.0,0.7774084455519915,0.7957248091697693,0.9806395280361175,0.9990547895431519
180,val::math500::274::20410f435f0b3dd2::sample1,val::math500::274::20410f435f0b3dd2,17,1,math500,0.0,0.0,433,-0.6289811811529815,1.1945228285329663,-8.696383476257324,0.0,0.7367181942838056,0.00016718935512471944,0.6013220212096594,0.7221865068372987,0.14087759815242495,0.8511292203329504,0.0008108413020874062,-0.0009542336115698359,1.051744003907766e-06,0.0001608885795576498,6.570682842266251e-08,6.998679481212252e-09,0.0,0.0,0.813500788123035,0.9043284058570862,0.9839207602978854,0.9997597932815552
180,val::math500::274::20410f435f0b3dd2::sample2,val::math500::274::20410f435f0b3dd2,18,2,math500,0.0,0.0,758,-0.6625779662143269,1.2572570930914728,-12.329211235046387,-1.1920928244535389e-07,0.7221051390969692,4.420705408847425e-06,0.6741151977664677,0.8189298864173826,0.1424802110817942,0.892714420799166,0.001163497358049661,-0.0011340617823444,1.0902056399795226e-06,0.00023753041750751436,5.91474304201256e-07,-8.476764639128464e-11,0.0,0.0,0.7937406397235425,0.972244918346405,0.9768939829753382,0.9999085068702698
180,val::math500::274::20410f435f0b3dd2::sample3,val::math500::274::20410f435f0b3dd2,19,3,math500,0.0,0.0,338,-0.3493121590015915,0.9035539329903911,-8.472627639770508,0.0,0.8417902920475129,0.00020911470346618444,0.33734769677226734,0.5068198655574236,0.0650887573964497,0.9810431227087975,0.00202615168594146,-0.0016174638189477002,2.3785376178389978e-07,2.5269517209380865e-05,1.4257744851420284e-06,2.2186953559993648e-09,0.0,0.0,0.8867569438363674,0.9769733548164368,0.9959791290336812,0.9999955892562866
180,val::math500::355::c4aaca40d829b95f::sample0,val::math500::355::c4aaca40d829b95f,20,0,math500,0.0,0.0,535,-0.27781582744969724,0.7205729674749731,-6.767070770263672,0.0,0.8615944603532031,0.0011510613840073347,0.27611093354134725,0.4636934410739336,0.05420560747663551,0.7973449358250946,0.0002065527897587443,-4.180028622124219e-05,2.1013263657326004e-07,1.5909479770925827e-05,3.0120670544420136e-06,3.7116758516754866e-10,0.0,0.0,0.9001192402338313,0.860377311706543,0.9972563134175595,0.9997801184654236
180,val::math500::355::c4aaca40d829b95f::sample1,val::math500::355::c4aaca40d829b95f,21,1,math500,0.0,0.0,1059,-0.24465748266048107,0.6967899587993069,-8.513896942138672,0.0,0.8835392683832292,0.00020066033175680786,0.23735144559844928,0.5085147624373129,0.05854579792256846,0.8461984405294061,1.4119371583079694e-06,8.720915921003972e-05,1.7144680482938135e-06,0.0013540368527173996,1.1164477200509282e-06,5.950424710443825e-09,0.0,0.0,0.9130945262253791,0.8668763637542725,0.9951713195490994,0.9999803304672241
180,val::math500::355::c4aaca40d829b95f::sample2,val::math500::355::c4aaca40d829b95f,22,2,math500,0.0,0.0,1039,-0.22895466077610052,0.658265460581307,-5.166154861450195,0.0,0.8894265087624372,0.0057064685970544815,0.23070387048276586,0.4703077907977077,0.05293551491819057,0.9980432987213135,-0.0001393546483740852,0.00012488453509330294,1.5609050843695175e-07,6.955754543014336e-06,1.0428821042296477e-06,2.452020877310758e-10,0.0,0.0,0.9219607630237234,0.9767522811889648,0.9959948816129631,0.9999843239784241
180,val::math500::355::c4aaca40d829b95f::sample3,val::math500::355::c4aaca40d829b95f,23,3,math500,0.0,0.0,1047,-0.20461361214773555,0.6178173720300887,-5.549266815185547,0.0,0.8990384733614377,0.003890308318659663,0.21521205553448108,0.4640577962517255,0.04297994269340974,0.9393543158657849,0.0001755799071050031,-0.00019350474221741694,1.5654061454386877e-07,1.1478199667180888e-05,9.797325901672593e-07,3.674912273629654e-10,0.0,0.0,0.9253195698276062,0.9767874479293823,0.9964474169777594,0.9999821782112122
180,val::math500::365::22fe24f8406687ac::sample0,val::math500::365::22fe24f8406687ac,24,0,math500,1.0,1.0,911,-0.2311692854994422,0.6868385713964378,-8.241175651550293,0.0,0.8857126793765417,0.00026357421302236617,0.238797490782369,0.4587324233939064,0.04061470911086718,0.921568893827498,-0.00029958242001921077,0.00034474158623381716,1.8682714650251864e-07,1.3844954992237035e-05,3.6076758078706916e-06,1.248920228412137e-10,0.0,0.0,0.9138226905749737,0.4432164132595062,0.9971137086070592,0.9976338744163513
180,val::math500::365::22fe24f8406687ac::sample1,val::math500::365::22fe24f8406687ac,25,1,math500,0.0,0.0,843,-0.21997002466753124,0.6403355473329897,-4.81741189956665,0.0,0.8917018489454777,0.008087691850960255,0.22681449349668162,0.44322951287887596,0.04863582443653618,0.982722781598568,-0.00010781599203931126,5.5614020287740515e-05,1.7353898266858327e-07,2.8060443582944572e-05,8.589213962295617e-07,-2.5940629618692306e-11,0.0,0.0,0.9190329741576105,0.970359742641449,0.9976707573180238,0.9999856948852539
180,val::math500::365::22fe24f8406687ac::sample2,val::math500::365::22fe24f8406687ac,26,2,math500,0.0,0.0,871,-0.2851400871655398,0.8245951780036818,-9.276521682739258,0.0,0.8697122757265162,9.359612158732489e-05,0.26733795385757964,0.47303963166948204,0.05510907003444317,0.8678869015711825,-0.0002600664139166339,0.0002528565994450748,5.252307063890481e-07,8.893139602150768e-05,4.53976790595334e-05,1.5650287994041412e-09,0.0,0.0,0.9091136917283696,0.939366340637207,0.9966608891530918,0.9998177289962769
180,val::math500::365::22fe24f8406687ac::sample3,val::math500::365::22fe24f8406687ac,27,3,math500,0.0,0.0,1670,-0.32376160483569355,0.8924524385690248,-14.4381103515625,0.0,0.8533597392465596,5.365477022678533e-07,0.29852188626946013,0.5079582864342037,0.06766467065868263,0.9187961386051029,-2.323981234312531e-05,3.292826348562778e-05,2.211462648096608e-06,0.0010213382774963975,1.123722813645145e-05,6.575391795736715e-09,0.0,0.0,0.8993682475682504,0.9789466261863708,0.9957314681150242,0.9999824166297913
180,val::math500::425::20f77fefd0c2a9e5::sample0,val::math500::425::20f77fefd0c2a9e5,28,0,math500,0.0,0.0,2048,-0.25399261266159234,0.758260052941371,-7.15049934387207,0.0,0.8814766756734969,0.0007844722713343799,0.2420284173264729,0.46170491326104257,0.04541015625,0.8596995784246246,0.00011358423112547195,-9.148953070992066e-05,8.660518537735472e-06,0.001032199477776885,8.397109013458248e-06,1.7684416764244677e-08,0.0,0.0,0.9171973820957646,0.9998767375946045,0.9967145060363691,0.9999979734420776
180,val::math500::425::20f77fefd0c2a9e5::sample1,val::math500::425::20f77fefd0c2a9e5,29,1,math500,0.0,0.0,1380,-0.26106757569772626,0.7654490622350121,-8.134718894958496,0.0,0.879389815351401,0.00029318145243451,0.25786670121838884,0.48132435900137693,0.050724637681159424,0.9716760721057653,0.0002478053913550748,-0.000174776467837066,4.221499464186903e-06,0.0005527700996026397,4.580859425118433e-08,9.794580492876103e-09,0.0,0.0,0.913570559737475,0.9464440941810608,0.9955637144869652,0.9999250173568726
180,val::math500::425::20f77fefd0c2a9e5::sample2,val::math500::425::20f77fefd0c2a9e5,30,2,math500,0.0,0.0,839,-0.2263196529386442,0.597365186872333,-5.454970359802246,0.0,0.8785809461339305,0.0042750034481287,0.2520161737959237,0.4358081649235144,0.041716328963051254,0.9981898050755262,0.00036379659572591906,-0.0004402382212895628,1.3503083920305072e-07,7.889248990977649e-06,1.6944624121606466e-06,5.513287205204548e-10,0.0,0.0,0.9083516128156978,0.9625731706619263,0.9981739858478414,0.9999802708625793
180,val::math500::425::20f77fefd0c2a9e5::sample3,val::math500::425::20f77fefd0c2a9e5,31,3,math500,0.0,0.0,1637,-0.27532109971820623,0.8376568274836876,-13.069977760314941,0.0,0.8731428652131863,2.1075638869660906e-06,0.2658693153237809,0.4930713206211013,0.055589492974954184,0.964877912774682,-6.358391455130078e-05,9.404141918861531e-05,3.3358221727794887e-06,0.000783005089033395,1.516661995992763e-05,8.239877965570692e-09,0.0,0.0,0.9099771275424564,0.9666548371315002,0.9961508500117242,0.9999815821647644
