step,position_bucket,token_count,logprob,logprob_min,logprob_max,prob,prob_min,prob_max,entropy,entropy_min,entropy_max,eos_prob,eos_prob_min,eos_prob_max,top1_prob,top1_prob_min,top1_prob_max,topk_mass,topk_mass_min,topk_mass_max
0,0,2502,-0.5476523134017538,-14.775038719177246,0.0,0.7918942923352169,3.83073597731709e-07,1.0,0.5162668060462086,2.3943216547195334e-06,8.513339042663574,0.0002519604974934159,2.8128666930415935e-12,0.1519436240196228,0.8494910656792416,0.03371095657348633,1.0,0.981865881369721,0.11587931960821152,1.000000238418579
0,1,2484,-0.5137039804169465,-15.160467147827148,0.0,0.8037404058930365,2.60551018982369e-07,1.0,0.47807892861523005,3.297546413705277e-07,5.462066173553467,1.0520159029573157e-05,7.063503970096419e-14,0.01033863890916109,0.8557826232722991,0.060469239950180054,1.0,0.9817021419556629,0.2753964960575104,1.000000238418579
0,2,2492,-0.5029853536974866,-11.46360969543457,0.0,0.8024232832461321,1.0505520549486391e-05,1.0,0.5194021903270519,2.4818683641569805e-07,6.562789440155029,0.00031102421551144774,7.429863316893383e-17,0.7293762564659119,0.8525138312433495,0.047876469790935516,1.0,0.9763776327858575,0.1950596272945404,1.000000238418579
0,3,2486,-0.5017759220985755,-15.18713092803955,0.0,0.8052923862538351,2.536955605592084e-07,1.0,0.5097278548850437,6.668695373690525e-09,6.947439193725586,4.898324157027657e-06,5.279209923760627e-15,0.005183164030313492,0.8543870739926519,0.03317663073539734,1.0,0.9763462216453215,0.14070087671279907,1.0000001192092896
0,4,2484,-0.44138364066661206,-12.851325988769531,0.0,0.8277310577814366,2.622648253236548e-06,1.0,0.48792132703205277,6.500909532913823e-11,7.3851728439331055,9.869636332185413e-05,2.383110653487723e-18,0.21948465704917908,0.8663381329376173,0.017206287011504173,1.0,0.9754346860047796,0.09326891601085663,1.0000001192092896
0,5,2490,-0.5644009964933435,-16.43549346923828,0.0,0.8213900023085959,7.28041129605117e-08,1.0,0.5754032920914537,2.473071400443949e-11,8.745887756347656,5.9950335497467014e-05,1.6217271404832484e-19,0.051213715225458145,0.8622442643655591,0.023774506524205208,1.0,0.9640867159847754,0.12401838600635529,1.000000238418579
0,6,2493,-0.6212298342435696,-15.909318923950195,0.0,0.8167558170874024,1.2321699216499837e-07,1.0,0.628132212839657,8.827484576645617e-11,8.656494140625,7.402674095695844e-05,1.3550037859412904e-19,0.04859619960188866,0.8584820970671002,0.012862829491496086,1.0,0.9549256461245489,0.07486262172460556,1.000000238418579
0,7,2485,-0.45655808695096833,-15.803390502929688,0.0,0.8648887256257003,1.3698553402718971e-07,1.0,0.4552877834671159,5.587473886348171e-11,9.020727157592773,5.726271934991105e-05,2.0469715840702642e-16,0.05161460489034653,0.8933952148063052,0.010302110575139523,1.0,0.9710501441638355,0.055071908980607986,1.000000238418579
0,8,2491,-0.5235937480310945,-14.718416213989258,0.0,0.8578817414105364,4.053900113376585e-07,1.0,0.5230299755697412,1.2899327439530595e-10,8.9811429977417,4.878037040719201e-05,1.8851959012063284e-18,0.03908417001366615,0.8865971728342065,0.007959364913403988,1.0,0.9627665868638414,0.040557555854320526,1.0000001192092896
0,9,2471,-0.6167401633046627,-15.977662086486816,0.0,0.849560832935257,1.1507726327408818e-07,1.0,0.6027729898657086,2.507229146520018e-10,9.74621868133545,0.000149755201594012,1.953234153566775e-16,0.048358164727687836,0.8796854350208567,0.008894946426153183,1.0,0.9520049178810773,0.04960670322179794,1.000000238418579
60,0,2137,-0.30210362289117637,-8.67939567565918,0.0,0.853079179425328,0.00017005379777401686,1.0,0.2964656341474189,5.241545295575634e-07,2.9161829948425293,2.3442773066544297e-07,7.593794842074286e-13,0.0001272425288334489,0.8953553149297966,0.18648669123649597,1.0,0.9965493431367994,0.714316725730896,1.000000238418579
60,1,2120,-0.234218405666915,-10.016085624694824,0.0,0.8809575957021532,4.467548569664359e-05,1.0,0.24196888129196512,8.067708279213548e-08,3.2862491607666016,2.0882757465859158e-07,6.331635655229886e-14,5.412775499280542e-05,0.9137882649195644,0.14716170728206635,1.0,0.9974264194380562,0.6401773691177368,1.000000238418579
60,2,2126,-0.2448686866110399,-13.1796236038208,0.0,0.8850821637291462,1.8886964880948653e-06,1.0,0.2362725145107088,9.730337779956244e-08,3.7566580772399902,1.1268111140368906e-06,7.287724433256357e-14,0.0018563871271908283,0.9193664000966251,0.11676475405693054,1.0,0.996498525310886,0.5381753444671631,1.000000238418579
60,3,2119,-0.31582697853132863,-8.559191703796387,0.0,0.8502437556172228,0.00019177424837835133,1.0,0.34554237401059934,5.3805234045967154e-08,8.817752838134766,0.00021794388592036052,2.4654052670908255e-13,0.3736845850944519,0.889493346024426,0.05760783702135086,1.0,0.9915118969066237,0.16750448942184448,1.0000001192092896
60,4,2119,-0.28705111564191566,-11.957356452941895,0.0,0.8676564615606697,6.411890353774652e-06,1.0,0.29497311272533516,1.0540480843701516e-07,4.144084930419922,3.9922948176772534e-07,1.5760808118130652e-14,0.00011015535710612312,0.9017101730826105,0.11680468916893005,1.0,0.9940366124476729,0.5752532482147217,1.000000238418579
60,5,2126,-0.32518832080067644,-10.637513160705566,0.0,0.8512260276115264,2.399864752078429e-05,1.0,0.3276131006305743,1.0120214710696018e-07,3.4548118114471436,7.079333725749074e-07,1.867711460343995e-15,0.00015588727546855807,0.8924224528353504,0.15596048533916473,1.0,0.9926896195644942,0.5792444944381714,1.000000238418579
60,6,2125,-0.3234276484503557,-9.078460693359375,0.0,0.8597047730898896,0.00011409709986764938,1.0,0.32016411073926565,2.6871934011296617e-08,4.627018451690674,1.9875283668473165e-06,5.02687690294944e-16,0.0007096223416738212,0.8963907698182498,0.10939063131809235,1.0,0.991538749891169,0.39960432052612305,1.000000238418579
60,7,2120,-0.25938909491051604,-11.03783130645752,0.0,0.8778799830897697,1.608165621291846e-05,1.0,0.2712199128691779,2.923087372153077e-08,3.5120034217834473,9.837676182663017e-07,2.4691193053942107e-16,0.00029593182262033224,0.9100708356302865,0.15726283192634583,1.0,0.9940693928385681,0.6523410677909851,1.000000238418579
60,8,2126,-0.301262832986207,-15.779021263122559,0.0,0.8681810659902057,1.4036479001333646e-07,1.0,0.2831887601730446,5.3865121252272274e-09,4.221202850341797,7.128729902644097e-06,2.2705599065416665e-15,0.010629392229020596,0.9056395155536265,0.10813403129577637,1.0,0.9946620535256161,0.5639822483062744,1.000000238418579
60,9,2108,-0.2625887033536542,-16.11589241027832,0.0,0.8878054081914607,1.0022056784464439e-07,1.0,0.24067606034180217,6.052903245290508e-08,3.5338973999023438,8.532971979826534e-05,1.189688267604766e-14,0.10983018577098846,0.9199413232208429,0.15267153084278107,1.0,0.9960805384664879,0.7296026349067688,1.000000238418579
120,0,2425,-0.25444533340880926,-12.801170349121094,0.0,0.8736066468118423,2.757543597908807e-06,1.0,0.2521890263711338,1.2846541608269035e-07,3.586085796356201,1.8346944784337296e-07,2.853908447997093e-14,7.741695299046114e-05,0.9093825281465177,0.16449862718582153,1.0,0.9977131354931703,0.5585750341415405,1.000000238418579
120,1,2410,-0.221517872937893,-7.523046493530273,0.0,0.8861218971658944,0.0005404834519140422,1.0,0.23840783940742746,2.085130716977801e-07,2.780045986175537,3.363388376558785e-07,1.2396812363538873e-13,5.414345287135802e-05,0.9163691977371319,0.1723622977733612,1.0,0.9970460566000325,0.782950758934021,1.000000238418579
120,2,2413,-0.29261244331671094,-14.712813377380371,0.0,0.8615449765992345,4.076677271314111e-07,1.0,0.295896553316891,2.7119082091076052e-08,3.4072628021240234,2.2461630285874007e-07,1.7482341258239636e-13,3.993837890448049e-05,0.8988878163827488,0.13742421567440033,1.0,0.9952445969362255,0.667008638381958,1.000000238418579
120,3,2408,-0.2529699682173426,-8.7947359085083,0.0,0.8761609091449716,0.00015152864216361195,1.0,0.2687204486251118,5.680119929962757e-09,3.206747055053711,2.031590741494333e-07,9.212283578119082e-14,4.3932970584137365e-05,0.9087398447579027,0.1584625095129013,1.0,0.9958958208956987,0.6817852854728699,1.000000238418579
120,4,2406,-0.291483792290443,-10.996649742126465,0.0,0.8682805021735241,1.6757749108364806e-05,1.0,0.27819048474590935,5.8530062574391195e-08,3.4764115810394287,2.1423629821802743e-07,5.935529591292359e-15,5.1195449486840516e-05,0.9054598372030139,0.192343607544899,1.0,0.9952743625948058,0.6136530041694641,1.000000238418579
120,5,2417,-0.3110629105697647,-10.194965362548828,0.0,0.8528895639557879,3.735792779480107e-05,1.0,0.32055030514871813,9.009856682951067e-08,3.474026679992676,2.1604354885974395e-06,1.1238071037585106e-15,0.0025466836523264647,0.8908851631093627,0.18201303482055664,1.0,0.9943430415351971,0.651880145072937,1.000000238418579
120,6,2412,-0.2833085670518593,-9.55209732055664,0.0,0.8630453583856805,7.105209078872576e-05,1.0,0.29141568373713367,2.188313530382402e-08,3.462170124053955,8.158676055836514e-07,2.306307026256403e-15,9.835897799348459e-05,0.8988392563478073,0.1199837177991867,1.0,0.9962866114542062,0.5805884599685669,1.000000238418579
120,7,2409,-0.2774162291021196,-12.798158645629883,0.0,0.8658510115305712,2.7658609269565204e-06,1.0,0.2999334099792474,1.828004059234445e-08,3.331238269805908,1.272668352358374e-06,6.17202119016576e-15,0.00013981989468447864,0.8987260109077305,0.1365109533071518,1.0,0.9950147981018187,0.6359768509864807,1.000000238418579
120,8,2414,-0.26700965408253585,-9.846478462219238,0.0,0.8772233415980832,5.293327194522135e-05,1.0,0.25700437490471395,9.981344639697909e-09,4.5086774826049805,7.924242622800284e-06,1.9421125050902077e-15,0.0027892107609659433,0.909259175710448,0.1201542541384697,1.0,0.9958959214185622,0.6289376616477966,1.000000238418579
120,9,2394,-0.1872203964937821,-8.846418380737305,0.0,0.9105721360520588,0.000143896191730164,1.0,0.1872416224151814,6.97871342936196e-08,2.888504981994629,1.175900588647567e-05,1.806432491197968e-16,0.0007096236804500222,0.9340645569557933,0.1524113267660141,1.0,0.997696219107063,0.7255253791809082,1.000000238418579
180,0,2353,-0.30653371459737994,-12.329211235046387,0.0,0.8534314037197204,4.420705408847425e-06,1.0,0.29480422621201724,1.0977778686083184e-07,3.8303382396698,2.2325779534267496e-07,5.3315689265819727e-14,0.00023753041750751436,0.896173685105162,0.15109719336032867,1.0,0.9967776979986678,0.6493899822235107,1.0000001192092896
180,1,2341,-0.31084097857734294,-9.145874977111816,0.0,0.8552933063461119,0.00010665887384675443,1.0,0.30718056833192625,4.0673356238585257e-08,3.271019458770752,2.2039701438203905e-07,9.357605293934534e-14,2.4851569833117537e-05,0.8948169026948712,0.15408927202224731,1.0,0.994782259453061,0.6739037036895752,1.000000238418579
180,2,2344,-0.33179182944148994,-10.735862731933594,0.0,0.8529604209783865,2.1750742234871723e-05,1.0,0.2939695831130132,1.5028660982352449e-07,3.597397804260254,2.8120085158323906e-07,1.070923297957771e-12,2.5819350412348285e-05,0.9001827052486076,0.11634176224470139,1.0,0.9950026464696223,0.594162106513977,1.000000238418579
180,3,2340,-0.33512172460740414,-10.09591007232666,0.0,0.8478141641954475,4.1247913031838834e-05,1.0,0.3301959812583455,4.865817260224503e-08,4.662531852722168,2.7975045654215415e-07,6.136738795077534e-14,0.00010111721348948777,0.8905717621151453,0.11157292872667313,1.0,0.993055884170736,0.4449666142463684,1.000000238418579
180,4,2337,-0.26625300634670646,-11.69373893737793,0.0,0.8756347164699091,8.345909918716643e-06,1.0,0.2720687192090923,7.166831039739918e-08,3.2050671577453613,3.036988501002324e-07,6.367942451964521e-15,7.580396049888805e-05,0.9081862517845748,0.14655554294586182,1.0,0.994755524164803,0.7258798480033875,1.000000238418579
180,5,2343,-0.2899349886480519,-14.4381103515625,0.0,0.8644269726541509,5.365477022678533e-07,1.0,0.28788099004724244,2.8563057696828764e-08,3.635817527770996,5.938537127769321e-07,1.1530854328550659e-14,0.0001331909152213484,0.9022408661854303,0.12267287820577621,1.0,0.9949836581118637,0.6109808683395386,1.000000238418579
180,6,2343,-0.27251789015004485,-7.15049934387207,0.0,0.8720611777369796,0.0007844722713343799,1.0,0.27811769613518167,1.408735883501322e-08,3.121746301651001,1.1332991114328293e-06,8.788016061553425e-16,0.00028443909832276404,0.9041629849980389,0.09997184574604034,1.0,0.9938637786475298,0.6215834617614746,1.000000238418579
180,7,2341,-0.33628607418997264,-9.276521682739258,0.0,0.8496484803304423,9.359612158732489e-05,1.0,0.3328252844247949,1.656072612377102e-09,4.214290618896484,3.4960701445803133e-06,1.6969991431351627e-16,0.000783005089033395,0.8808505029880251,0.0993376299738884,1.0,0.989427652714447,0.4915710687637329,1.0000001192092896
180,8,2344,-0.25925186597540156,-8.696383476257324,0.0,0.8792949877046426,0.00016718935512471944,1.0,0.2614609323340135,1.8069357121675012e-09,3.49172306060791,3.205612187873762e-06,5.509349450509e-17,0.0013540368527173996,0.9099757358965817,0.09997894614934921,1.0,0.9950100694856139,0.6035616993904114,1.000000238418579
180,9,2325,-0.20565283393633588,-8.336469650268555,0.0,0.8949521577611793,0.000239616769249551,1.0,0.21770412516270105,3.824105476724071e-08,4.238051414489746,2.1131314155065682e-05,3.336563406748823e-14,0.024047991260886192,0.9240062319463299,0.09914623200893402,1.0,0.9974697866491092,0.5599485039710999,1.000000238418579
