formal_label,run_name,run_id,step,training_global_step,actor_entropy,actor_kl_loss,actor_ppo_kl,actor_pg_loss,train_response_length_mean,val_reward_mean,val_reward_pass1,val_reward_pass8,val_reward_best8_mean,val_aux_response_length_mean,val_token_entropy_mean,val_low_confidence_ratio,val_token_response_length_mean,val_top1_prob_mean,val_eos_prob_mean,val_topk_mass_mean,val_analyzed_samples,val_analyzed_sample_fraction
Base nominal control condition,base_b_reward_shuffle_20260402_132309,n7tq5k0sid555howe8hmg,0,,,,,,,0.3745,0.3745,0.762,0.7084539999999999,812.46875,0.6603227107908832,0.1153890534251317,812.46875,0.8542631885776969,0.0011881919188604,0.9445495413259304,64.0,0.016
Base nominal control condition,base_b_reward_shuffle_20260402_132309,n7tq5k0sid555howe8hmg,1,1.0,0.3455305397510528,1.4264529346608157e-06,2.336098011301857e-05,0.000138750566748,681.46875,,,,,,,,,,,,,
Base nominal control condition,base_b_reward_shuffle_20260402_132309,n7tq5k0sid555howe8hmg,2,2.0,0.3979718089103699,1.6335980237425218e-06,-3.60885561434543e-07,0.0001757106338118,716.40234375,,,,,,,,,,,,,
Base nominal control condition,base_b_reward_shuffle_20260402_132309,n7tq5k0sid555howe8hmg,3,3.0,0.3350235521793365,1.874205831198239e-06,3.2601152472722106e-05,-1.0512980225030333e-05,696.41796875,,,,,,,,,,,,,
Base nominal control condition,base_b_reward_shuffle_20260402_132309,n7tq5k0sid555howe8hmg,4,4.0,0.3410149812698364,2.2655787503822467e-06,-1.486311748788438e-06,0.0001554316621366,706.796875,,,,,,,,,,,,,
Base nominal control condition,base_b_reward_shuffle_20260402_132309,n7tq5k0sid555howe8hmg,5,5.0,0.3481903970241546,3.2057439989241487e-06,-2.1444824492622416e-05,5.291877550916979e-05,714.208984375,,,,,,,,,,,,,
Base nominal control condition,base_b_reward_shuffle_20260402_132309,n7tq5k0sid555howe8hmg,6,6.0,0.3942421376705169,6.585386775004309e-06,-2.2412842935359837e-05,5.395878184799585e-05,688.244140625,0.38925,0.38925,0.756,0.7089840000000001,844.453125,0.6491200297003881,0.1119252474789527,844.453125,0.85647900874547,0.001097093116158,0.9472574035492072,64.0,0.016
Base nominal control condition,base_b_reward_shuffle_20260402_132309,n7tq5k0sid555howe8hmg,7,7.0,0.3421176075935364,9.231588469660323e-06,2.379836192289985e-05,0.0001656570974546,734.326171875,,,,,,,,,,,,,
Base nominal control condition,base_b_reward_shuffle_20260402_132309,n7tq5k0sid555howe8hmg,8,8.0,0.317546933889389,1.0628790477973382e-05,-1.5757582872311104e-05,-1.4060350736144756e-05,656.322265625,,,,,,,,,,,,,
Base nominal control condition,base_b_reward_shuffle_20260402_132309,n7tq5k0sid555howe8hmg,9,9.0,0.3295877575874328,1.1719859177361514e-05,-1.423229038699514e-05,0.0001535691720278,712.845703125,,,,,,,,,,,,,
Base nominal control condition,base_b_reward_shuffle_20260402_132309,n7tq5k0sid555howe8hmg,10,10.0,0.3164028525352478,1.6904867864653284e-05,1.53313024271462e-05,0.0001644187731812,729.7578125,,,,,,,,,,,,,
Base nominal control condition,base_b_reward_shuffle_20260402_132309,n7tq5k0sid555howe8hmg,11,11.0,0.3073181211948395,2.4959582145989145e-05,8.36221741518095e-05,0.0001658032555127,695.4921875,,,,,,,,,,,,,
Base nominal control condition,base_b_reward_shuffle_20260402_132309,n7tq5k0sid555howe8hmg,12,12.0,0.3372210562229156,2.6534553335011424e-05,5.463676256312056e-05,9.41714518987169e-05,746.615234375,0.4325,0.4325,0.796,0.746952,786.578125,0.4047850520943139,0.0778689338709997,786.578125,0.8877668042202909,0.0010044412833103,0.9731754332455824,64.0,0.016
Base nominal control condition,base_b_reward_shuffle_20260402_132309,n7tq5k0sid555howe8hmg,13,13.0,0.2492144703865051,2.881115067587814e-05,4.073137031818108e-05,0.0002549010537222,713.2578125,,,,,,,,,,,,,
Base nominal control condition,base_b_reward_shuffle_20260402_132309,n7tq5k0sid555howe8hmg,14,14.0,0.2705309689044952,3.179625050009349e-05,7.345048207163529e-05,7.043374887416576e-05,718.87890625,,,,,,,,,,,,,
Base nominal control condition,base_b_reward_shuffle_20260402_132309,n7tq5k0sid555howe8hmg,15,15.0,0.2749347686767578,3.2222527378777954e-05,3.885898747335581e-05,0.0001398358180253,702.841796875,,,,,,,,,,,,,
Base nominal control condition,base_b_reward_shuffle_20260402_132309,n7tq5k0sid555howe8hmg,16,16.0,0.2316790372133255,4.067343687808034e-05,2.99160080629024e-05,0.0001678759360679,682.71484375,,,,,,,,,,,,,
Base nominal control condition,base_b_reward_shuffle_20260402_132309,n7tq5k0sid555howe8hmg,17,17.0,0.226253792643547,3.767134611010192e-05,-9.993816471265404e-06,0.0003294758967626,680.70703125,,,,,,,,,,,,,
Base nominal control condition,base_b_reward_shuffle_20260402_132309,n7tq5k0sid555howe8hmg,18,18.0,0.219370350241661,3.971707513628076e-05,9.777008841993506e-05,0.0002537861858513,665.244140625,0.455,0.455,0.782,0.7363000000000001,747.3125,0.2935477205968635,0.0561804800535251,747.3125,0.90944721113133,0.0011036757332119,0.9853840217229825,64.0,0.016
Base nominal control condition,base_b_reward_shuffle_20260402_132309,n7tq5k0sid555howe8hmg,19,19.0,0.2259964048862457,4.428993431382367e-05,-2.516286516796029e-05,0.0003091575698128,664.3671875,,,,,,,,,,,,,
Base nominal control condition,base_b_reward_shuffle_20260402_132309,n7tq5k0sid555howe8hmg,20,20.0,0.196067526936531,4.5255091013274296e-05,3.097625880599253e-05,0.0002556398691666,633.544921875,,,,,,,,,,,,,
Base nominal control condition,base_b_reward_shuffle_20260402_132309,n7tq5k0sid555howe8hmg,21,21.0,0.1973297446966171,4.938559855816038e-05,-5.333634487492134e-05,0.0002465776360232,635.591796875,,,,,,,,,,,,,
Base nominal control condition,base_b_reward_shuffle_20260402_132309,n7tq5k0sid555howe8hmg,22,22.0,0.1873332560062408,4.917958760941587e-05,5.108208315007801e-06,0.0004691516801642,644.921875,,,,,,,,,,,,,
Base nominal control condition,base_b_reward_shuffle_20260402_132309,n7tq5k0sid555howe8hmg,23,23.0,0.1609601378440857,5.493836427916676e-05,2.584285433870903e-06,0.0002406045454677,610.228515625,,,,,,,,,,,,,
Base nominal control condition,base_b_reward_shuffle_20260402_132309,n7tq5k0sid555howe8hmg,24,24.0,0.1742285788059234,6.123839564864397e-05,-2.499089515417552e-05,0.00021886695896,596.080078125,0.50275,0.50275,0.786,0.7486179999999999,686.40625,0.2999304267992714,0.0577054404734805,686.40625,0.909199520799692,0.0013661483677401,0.9848806404237076,64.0,0.016
Base nominal control condition,base_b_reward_shuffle_20260402_132309,n7tq5k0sid555howe8hmg,25,25.0,0.178176000714302,5.6347630732034304e-05,-1.3791583532096752e-05,0.0003567467869629,639.958984375,,,,,,,,,,,,,
Base nominal control condition,base_b_reward_shuffle_20260402_132309,n7tq5k0sid555howe8hmg,26,26.0,0.217825636267662,5.9464237779138784e-05,2.3004244695812304e-06,0.0001823510680765,614.564453125,,,,,,,,,,,,,
Base nominal control condition,base_b_reward_shuffle_20260402_132309,n7tq5k0sid555howe8hmg,27,27.0,0.1543673872947693,5.805439668904455e-05,-2.039486943994362e-05,0.0001354674309368,591.0625,,,,,,,,,,,,,
Base nominal control condition,base_b_reward_shuffle_20260402_132309,n7tq5k0sid555howe8hmg,28,28.0,0.1588909775018692,6.325764230297182e-05,4.058903638437528e-05,0.0001634555722347,610.39453125,,,,,,,,,,,,,
Base nominal control condition,base_b_reward_shuffle_20260402_132309,n7tq5k0sid555howe8hmg,29,29.0,0.1486983448266983,5.993422830385953e-05,-5.483265186478903e-05,0.0001885432438939,584.53515625,,,,,,,,,,,,,
Base nominal control condition,base_b_reward_shuffle_20260402_132309,n7tq5k0sid555howe8hmg,30,30.0,0.1610427647829055,6.52502866245186e-05,2.8694982507460057e-05,0.0004080997632627,620.21875,0.5155,0.5155,0.798,0.757746,681.109375,0.2239571199624734,0.0420499644422013,681.109375,0.9241935108826532,0.0013243923288027,0.9925637236098944,64.0,0.016
Base nominal control condition,base_b_reward_shuffle_20260402_132309,n7tq5k0sid555howe8hmg,31,31.0,0.1474833488464355,6.741338922466866e-05,-1.4435233104848066e-05,0.000257952060565,588.173828125,,,,,,,,,,,,,
Base nominal control condition,base_b_reward_shuffle_20260402_132309,n7tq5k0sid555howe8hmg,32,32.0,0.1462071388959884,6.674745505819146e-05,1.925044688588784e-05,0.0003329006026433,588.13671875,,,,,,,,,,,,,
Base nominal control condition,base_b_reward_shuffle_20260402_132309,n7tq5k0sid555howe8hmg,33,33.0,0.1478209346532821,6.753588527885768e-05,-1.2322831413946744e-05,0.0002125075361618,587.12109375,,,,,,,,,,,,,
Base nominal control condition,base_b_reward_shuffle_20260402_132309,n7tq5k0sid555howe8hmg,34,34.0,0.1456450968980789,6.657193716108623e-05,5.410033847752515e-05,0.0003495845385259,595.615234375,,,,,,,,,,,,,
Base nominal control condition,base_b_reward_shuffle_20260402_132309,n7tq5k0sid555howe8hmg,35,35.0,0.1470647603273391,6.87566180275212e-05,-1.63535169539486e-06,0.0002115234960911,585.201171875,,,,,,,,,,,,,
Base nominal control condition,base_b_reward_shuffle_20260402_132309,n7tq5k0sid555howe8hmg,36,36.0,0.1426576077938079,6.666449939984886e-05,4.52598328013476e-05,0.0003694796973832,593.453125,0.5275,0.5275,0.82,0.7793340000000001,592.3125,0.2409663868061133,0.0457950828321198,592.3125,0.920971326917564,0.0015863223031993,0.9904216493850294,64.0,0.016
Base nominal control condition,base_b_reward_shuffle_20260402_132309,n7tq5k0sid555howe8hmg,37,37.0,0.1449586749076843,7.006323685487814e-05,-3.647282821139797e-05,0.0003529483246893,601.68359375,,,,,,,,,,,,,
Base nominal control condition,base_b_reward_shuffle_20260402_132309,n7tq5k0sid555howe8hmg,38,38.0,0.151264876127243,7.339127364502929e-05,-1.4449273703753818e-05,0.0004031142161693,599.1796875,,,,,,,,,,,,,
Base nominal control condition,base_b_reward_shuffle_20260402_132309,n7tq5k0sid555howe8hmg,39,39.0,0.1570164114236831,7.509890944135122e-05,4.3315491323525634e-05,0.000243452559971,579.72265625,,,,,,,,,,,,,
Base nominal control condition,base_b_reward_shuffle_20260402_132309,n7tq5k0sid555howe8hmg,40,40.0,0.1477213948965072,7.32175838820126e-05,2.1442020248674257e-05,0.0003380975203981,593.63671875,,,,,,,,,,,,,
Base nominal control condition,base_b_reward_shuffle_20260402_132309,n7tq5k0sid555howe8hmg,41,41.0,0.1391234397888183,7.247391790343727e-05,-4.416575606480677e-05,0.0003694883716889,579.265625,,,,,,,,,,,,,
Base nominal control condition,base_b_reward_shuffle_20260402_132309,n7tq5k0sid555howe8hmg,42,42.0,0.1402892917394638,7.810216512638135e-05,-2.102011359209066e-05,0.00026963334642,578.802734375,0.52775,0.52775,0.808,0.764668,569.609375,0.2092851495697017,0.0394733232752708,569.609375,0.92823248332035,0.0016574898128358,0.9936471451720228,64.0,0.016
Base nominal control condition,base_b_reward_shuffle_20260402_132309,n7tq5k0sid555howe8hmg,43,43.0,0.1331258416175842,7.762032976188493e-05,4.167591109549562e-05,0.0002903187441916,561.671875,,,,,,,,,,,,,
Base nominal control condition,base_b_reward_shuffle_20260402_132309,n7tq5k0sid555howe8hmg,44,44.0,0.1393700838088989,7.833995802286609e-05,1.32412123807768e-05,0.0003344212818774,576.896484375,,,,,,,,,,,,,
Base nominal control condition,base_b_reward_shuffle_20260402_132309,n7tq5k0sid555howe8hmg,45,45.0,0.1396930664777755,7.989940282726593e-05,4.119297813609535e-05,0.0003131807134195,586.9140625,,,,,,,,,,,,,
Base nominal control condition,base_b_reward_shuffle_20260402_132309,n7tq5k0sid555howe8hmg,46,46.0,0.1370116025209427,7.636334736815797e-05,7.106532146750055e-06,0.000242107988015,564.5546875,,,,,,,,,,,,,
Base nominal control condition,base_b_reward_shuffle_20260402_132309,n7tq5k0sid555howe8hmg,47,47.0,0.1311030834913253,8.28685614280289e-05,2.0801144184900977e-05,0.0002576150964159,564.28515625,,,,,,,,,,,,,
Base nominal control condition,base_b_reward_shuffle_20260402_132309,n7tq5k0sid555howe8hmg,48,48.0,0.1366739869117736,8.542235107000806e-05,1.0800873428751244e-05,0.0003133101999992,568.392578125,0.53175,0.53175,0.806,0.7674399999999999,639.734375,0.2274260235249703,0.0426202281220233,639.734375,0.925812683075654,0.0014540942086694,0.990811763806566,64.0,0.016
Base nominal control condition,base_b_reward_shuffle_20260402_132309,n7tq5k0sid555howe8hmg,49,49.0,0.1415953487157821,8.451740445281075e-05,9.290513514947918e-06,0.0002813949013216,579.796875,,,,,,,,,,,,,
Base nominal control condition,base_b_reward_shuffle_20260402_132309,n7tq5k0sid555howe8hmg,50,50.0,0.1358945816755294,8.346365719091864e-05,3.704417137795346e-05,0.0003277203049947,560.525390625,,,,,,,,,,,,,
Base nominal control condition,base_b_reward_shuffle_20260402_132309,n7tq5k0sid555howe8hmg,51,51.0,0.1241678968071937,8.5996969303892e-05,1.3666217706820303e-05,0.0001969819759324,552.34765625,,,,,,,,,,,,,
Base nominal control condition,base_b_reward_shuffle_20260402_132309,n7tq5k0sid555howe8hmg,52,52.0,0.1218307837843895,8.626672034495186e-05,-1.7838400406589017e-05,6.108410798333352e-05,534.748046875,,,,,,,,,,,,,
Base nominal control condition,base_b_reward_shuffle_20260402_132309,n7tq5k0sid555howe8hmg,53,53.0,0.1357319951057434,8.364458011556053e-05,-1.816212427119268e-05,0.0003069201293328,561.931640625,,,,,,,,,,,,,
Base nominal control condition,base_b_reward_shuffle_20260402_132309,n7tq5k0sid555howe8hmg,54,54.0,0.1285600215196609,8.92614132155245e-05,-1.557594208034807e-05,0.0001701253468127,546.92578125,0.53975,0.53975,0.82,0.7786020000000001,524.203125,0.1989999726943676,0.0371695132492771,524.203125,0.9323756164998324,0.0019294900417748,0.9938273841057198,64.0,0.016
Base nominal control condition,base_b_reward_shuffle_20260402_132309,n7tq5k0sid555howe8hmg,55,55.0,0.1249545961618423,8.831562418265548e-05,5.3270539867478206e-05,0.0001727710296108,544.099609375,,,,,,,,,,,,,
Base nominal control condition,base_b_reward_shuffle_20260402_132309,n7tq5k0sid555howe8hmg,56,56.0,0.1286934316158294,9.142215387925036e-05,4.623312816587344e-05,0.0002549240198277,553.53125,,,,,,,,,,,,,
Base nominal control condition,base_b_reward_shuffle_20260402_132309,n7tq5k0sid555howe8hmg,57,57.0,0.1349450945854187,9.051072753152312e-05,-1.2086946811401544e-05,0.0002155867050532,548.134765625,,,,,,,,,,,,,
Base nominal control condition,base_b_reward_shuffle_20260402_132309,n7tq5k0sid555howe8hmg,58,58.0,0.1330255568027496,9.34234143841195e-05,3.37721419132464e-05,0.000239658747887,547.7890625,,,,,,,,,,,,,
Base nominal control condition,base_b_reward_shuffle_20260402_132309,n7tq5k0sid555howe8hmg,59,59.0,0.1291608363389969,9.305395457204212e-05,5.461121675320868e-05,0.0002577510304035,552.5,,,,,,,,,,,,,
Base nominal control condition,base_b_reward_shuffle_20260402_132309,n7tq5k0sid555howe8hmg,60,60.0,0.1269072443246841,9.271696669799212e-05,-1.0511924521949825e-06,0.0003098948791375,554.0859375,0.54675,0.54675,0.818,0.779678,572.609375,0.2254728163255104,0.0424318498103528,572.609375,0.9254623805724846,0.0016506012574065,0.9911841402067624,64.0,0.016
Base nominal control condition,base_b_reward_shuffle_20260402_132309,n7tq5k0sid555howe8hmg,61,61.0,0.1321625262498855,9.76533389049905e-05,6.640213400443962e-05,0.0002147998357031,544.740234375,,,,,,,,,,,,,
Base nominal control condition,base_b_reward_shuffle_20260402_132309,n7tq5k0sid555howe8hmg,62,62.0,0.1215766966342926,8.7211218371408e-05,-4.279024098963191e-05,0.0001377599446641,538.4453125,,,,,,,,,,,,,
Base nominal control condition,base_b_reward_shuffle_20260402_132309,n7tq5k0sid555howe8hmg,63,63.0,0.1312102526426315,9.308719869238756e-05,1.5748791494907266e-05,0.0003443599334786,563.65234375,,,,,,,,,,,,,
Base nominal control condition,base_b_reward_shuffle_20260402_132309,n7tq5k0sid555howe8hmg,64,64.0,0.134137749671936,9.20812509832558e-05,-3.672145899313861e-05,0.0001489600017521,540.708984375,,,,,,,,,,,,,
Base nominal control condition,base_b_reward_shuffle_20260402_132309,n7tq5k0sid555howe8hmg,65,65.0,0.1411355435848236,8.622854864626106e-05,6.193331273651737e-05,0.0003991666071669,572.849609375,,,,,,,,,,,,,
Base nominal control condition,base_b_reward_shuffle_20260402_132309,n7tq5k0sid555howe8hmg,66,66.0,0.1235056668519973,8.973435991777023e-05,2.2949906970382017e-05,0.0001436692809875,541.376953125,0.54875,0.54875,0.82,0.779848,604.71875,0.1686932329835586,0.0299209343186398,604.71875,0.9409876863788028,0.0015632792103177,0.995686661026027,64.0,0.016
Base nominal control condition,base_b_reward_shuffle_20260402_132309,n7tq5k0sid555howe8hmg,67,67.0,0.127920851111412,9.182017244313556e-05,2.242597430424098e-06,0.0001829906950661,545.03515625,,,,,,,,,,,,,
Base nominal control condition,base_b_reward_shuffle_20260402_132309,n7tq5k0sid555howe8hmg,68,68.0,0.1249688416719436,9.051846643615136e-05,1.0840984085547234e-05,0.000160915376,540.21875,,,,,,,,,,,,,
Base nominal control condition,base_b_reward_shuffle_20260402_132309,n7tq5k0sid555howe8hmg,69,69.0,0.1245996803045272,9.588945364669144e-05,3.330188051611782e-05,0.0001731609227135,546.169921875,,,,,,,,,,,,,
Base nominal control condition,base_b_reward_shuffle_20260402_132309,n7tq5k0sid555howe8hmg,70,70.0,0.1199835166335106,9.910920914535382e-05,-2.8293046678840028e-05,0.0002054903525277,546.109375,,,,,,,,,,,,,
Base nominal control condition,base_b_reward_shuffle_20260402_132309,n7tq5k0sid555howe8hmg,71,71.0,0.1223644018173217,9.672004519245549e-05,3.702092679702673e-05,0.000200666816454,538.08984375,,,,,,,,,,,,,
Base nominal control condition,base_b_reward_shuffle_20260402_132309,n7tq5k0sid555howe8hmg,72,72.0,0.1187532320618629,9.37231615409928e-05,1.2771352366769406e-06,6.873619895486627e-05,528.69140625,0.55375,0.55375,0.816,0.78205,605.3125,0.3058050244754285,0.0553175012906556,605.3125,0.915301459710747,0.0016152912070923,0.982531833993324,64.0,0.016
Base nominal control condition,base_b_reward_shuffle_20260402_132309,n7tq5k0sid555howe8hmg,73,73.0,0.146206259727478,8.896909810118814e-05,-3.596025294760885e-06,0.000206956279726,542.640625,,,,,,,,,,,,,
Base nominal control condition,base_b_reward_shuffle_20260402_132309,n7tq5k0sid555howe8hmg,74,74.0,0.1220637336373329,9.201097057598416e-05,1.1971679442890348e-05,0.0002013236389757,549.734375,,,,,,,,,,,,,
Base nominal control condition,base_b_reward_shuffle_20260402_132309,n7tq5k0sid555howe8hmg,75,75.0,0.1194514408707618,9.834707287836864e-05,4.932385494194058e-05,0.0001124222962971,533.013671875,,,,,,,,,,,,,
Base nominal control condition,base_b_reward_shuffle_20260402_132309,n7tq5k0sid555howe8hmg,76,76.0,0.1191859543323516,9.182455274014956e-05,4.2981372257999695e-05,0.0001459654731661,535.224609375,,,,,,,,,,,,,
Base nominal control condition,base_b_reward_shuffle_20260402_132309,n7tq5k0sid555howe8hmg,77,77.0,0.1156583875417709,9.662664056975244e-05,-2.129327575772777e-05,0.0001340061262453,543.177734375,,,,,,,,,,,,,
Base nominal control condition,base_b_reward_shuffle_20260402_132309,n7tq5k0sid555howe8hmg,78,78.0,0.1110707893967628,9.899324267337306e-05,2.55803946171973e-05,-4.4010266719851643e-07,515.060546875,0.55525,0.55525,0.824,0.7877799999999999,591.296875,0.2590920115879316,0.0485690880744127,591.296875,0.9193621512633456,0.0016966790400251,0.988187577978166,64.0,0.016
Base nominal control condition,base_b_reward_shuffle_20260402_132309,n7tq5k0sid555howe8hmg,79,79.0,0.1157062277197837,8.92975605992774e-05,2.686410106989001e-05,0.0002158770294045,542.912109375,,,,,,,,,,,,,
Base nominal control condition,base_b_reward_shuffle_20260402_132309,n7tq5k0sid555howe8hmg,80,80.0,0.1219914406538009,9.527781838869488e-05,-7.977014078563993e-06,0.000163734635862,533.91796875,,,,,,,,,,,,,
Base nominal control condition,base_b_reward_shuffle_20260402_132309,n7tq5k0sid555howe8hmg,81,81.0,0.1135697811841964,9.516743321569264e-05,1.6331461026197758e-05,0.0001623952648515,534.216796875,,,,,,,,,,,,,
Base nominal control condition,base_b_reward_shuffle_20260402_132309,n7tq5k0sid555howe8hmg,82,82.0,0.1152136102318763,9.086766549160076e-05,2.255913212767524e-05,0.0001256667901543,525.701171875,,,,,,,,,,,,,
Base nominal control condition,base_b_reward_shuffle_20260402_132309,n7tq5k0sid555howe8hmg,83,83.0,0.122451938688755,9.966296065044844e-05,-2.503611407966844e-05,0.0001959647815965,542.20703125,,,,,,,,,,,,,
Base nominal control condition,base_b_reward_shuffle_20260402_132309,n7tq5k0sid555howe8hmg,84,84.0,0.1141008138656616,9.362668426149412e-05,8.037615862294123e-06,0.0001230550687978,528.681640625,0.54925,0.54925,0.794,0.7635740000000001,684.828125,0.2484408969596719,0.0473430833466426,684.828125,0.9223815727186016,0.0013604616478537,0.9876911986950974,64.0,0.016
Base nominal control condition,base_b_reward_shuffle_20260402_132309,n7tq5k0sid555howe8hmg,85,85.0,0.120177611708641,9.434778897343676e-05,2.425485894708146e-05,0.0001549303051433,529.853515625,,,,,,,,,,,,,
Base nominal control condition,base_b_reward_shuffle_20260402_132309,n7tq5k0sid555howe8hmg,86,86.0,0.1197016090154647,0.0001030738689848,1.2865608356449345e-05,0.0001859404073911,537.12109375,,,,,,,,,,,,,
Base nominal control condition,base_b_reward_shuffle_20260402_132309,n7tq5k0sid555howe8hmg,87,87.0,0.1201749444007873,9.812917248552822e-05,-2.2825429890183105e-05,0.000219302498408,537.58984375,,,,,,,,,,,,,
Base nominal control condition,base_b_reward_shuffle_20260402_132309,n7tq5k0sid555howe8hmg,88,88.0,0.1160774454474449,0.0001028595311396,-2.361134675332721e-06,8.045308641158044e-05,522.359375,,,,,,,,,,,,,
Base nominal control condition,base_b_reward_shuffle_20260402_132309,n7tq5k0sid555howe8hmg,89,89.0,0.1128330826759338,0.0001047266158025,1.220692773706844e-05,6.586046492884634e-05,513.54296875,,,,,,,,,,,,,
Base nominal control condition,base_b_reward_shuffle_20260402_132309,n7tq5k0sid555howe8hmg,90,90.0,0.1273249983787536,0.0001018902097484,-2.3901881286647608e-05,0.0001305028490605,526.576171875,0.544,0.544,0.82,0.779366,658.359375,0.2179582725064078,0.0415094339622641,658.359375,0.92713671483164,0.0014148604571678,0.9920709863710024,64.0,0.016
Base nominal control condition,base_b_reward_shuffle_20260402_132309,n7tq5k0sid555howe8hmg,91,91.0,0.1146877035498619,0.0001017482954921,-3.2502263568545686e-05,5.3912762268737424e-05,511.36328125,,,,,,,,,,,,,
Base nominal control condition,base_b_reward_shuffle_20260402_132309,n7tq5k0sid555howe8hmg,92,92.0,0.1180328503251075,9.71370727569365e-05,3.770730356722485e-05,0.0001514623681941,527.408203125,,,,,,,,,,,,,
Base nominal control condition,base_b_reward_shuffle_20260402_132309,n7tq5k0sid555howe8hmg,93,93.0,0.1115252897143364,9.980420668398438e-05,-1.985437263662959e-05,5.170548229216365e-05,512.306640625,,,,,,,,,,,,,
Base nominal control condition,base_b_reward_shuffle_20260402_132309,n7tq5k0sid555howe8hmg,94,94.0,0.1199200302362442,0.000102602900796,2.161144081430644e-05,0.0001111247443077,525.65234375,,,,,,,,,,,,,
Base nominal control condition,base_b_reward_shuffle_20260402_132309,n7tq5k0sid555howe8hmg,95,95.0,0.1187467724084854,9.922551554097936e-05,-1.804332834787203e-05,0.0001494004691267,525.564453125,,,,,,,,,,,,,
Base nominal control condition,base_b_reward_shuffle_20260402_132309,n7tq5k0sid555howe8hmg,96,96.0,0.1176491752266884,9.519105979904908e-05,-3.28665919475668e-05,0.0001604926092113,522.478515625,0.5475,0.5475,0.828,0.790622,707.015625,0.2341052671646333,0.044597670666755,707.015625,0.9232767613416916,0.0012385258983024,0.9902544118345934,64.0,0.016
Base nominal control condition,base_b_reward_shuffle_20260402_132309,n7tq5k0sid555howe8hmg,97,97.0,0.1184361428022384,9.242280725629826e-05,9.033312246220504e-06,0.0001256990935871,522.318359375,,,,,,,,,,,,,
Base nominal control condition,base_b_reward_shuffle_20260402_132309,n7tq5k0sid555howe8hmg,98,98.0,0.1125664561986923,9.897288082072464e-05,-1.411643740290014e-05,5.351525851438055e-05,508.50390625,,,,,,,,,,,,,
Base nominal control condition,base_b_reward_shuffle_20260402_132309,n7tq5k0sid555howe8hmg,99,99.0,0.1140821650624275,0.0001015143725027,6.503364514998111e-05,9.443868111702614e-05,517.224609375,,,,,,,,,,,,,
Base nominal control condition,base_b_reward_shuffle_20260402_132309,n7tq5k0sid555howe8hmg,100,100.0,0.1125451698899269,9.681269068551046e-05,-1.0267572163158434e-05,7.538807403761894e-05,514.537109375,,,,,,,,,,,,,
Base nominal control condition,base_b_reward_shuffle_20260402_132309,n7tq5k0sid555howe8hmg,101,101.0,0.1189315617084503,0.0001018461751982,1.9491164481078016e-05,0.0001224646757691,520.587890625,,,,,,,,,,,,,
Base nominal control condition,base_b_reward_shuffle_20260402_132309,n7tq5k0sid555howe8hmg,102,102.0,0.1182836145162582,9.983248929756884e-05,3.2167823063478096e-05,9.62865578912897e-05,521.7890625,0.55175,0.55175,0.812,0.773412,634.8125,0.1748852921339709,0.0321453184995569,634.8125,0.9379982632352244,0.0014651488764038,0.995739999831022,64.0,0.016
Base nominal control condition,base_b_reward_shuffle_20260402_132309,n7tq5k0sid555howe8hmg,103,103.0,0.1197311878204345,0.000104089628806,2.375600904791497e-05,3.89247345253807e-05,512.0390625,,,,,,,,,,,,,
Base nominal control condition,base_b_reward_shuffle_20260402_132309,n7tq5k0sid555howe8hmg,104,104.0,0.1101413518190384,9.700563515480098e-05,-3.0739528734002874e-05,3.603074219427072e-05,509.455078125,,,,,,,,,,,,,
Base nominal control condition,base_b_reward_shuffle_20260402_132309,n7tq5k0sid555howe8hmg,105,105.0,0.1187691316008567,0.0001037149015701,5.816812128323079e-05,5.175978822080651e-05,511.962890625,,,,,,,,,,,,,
Base nominal control condition,base_b_reward_shuffle_20260402_132309,n7tq5k0sid555howe8hmg,106,106.0,0.1176938340067863,0.0001006538984711,1.3121120772008332e-05,0.0001960660210897,527.072265625,,,,,,,,,,,,,
Base nominal control condition,base_b_reward_shuffle_20260402_132309,n7tq5k0sid555howe8hmg,107,107.0,0.1123076677322387,0.000101650898145,-4.865971056089435e-06,4.25171865572338e-05,511.810546875,,,,,,,,,,,,,
Base nominal control condition,base_b_reward_shuffle_20260402_132309,n7tq5k0sid555howe8hmg,108,108.0,0.1153731197118759,9.891261061056866e-05,-4.400896232059637e-05,0.000129686611217,524.0703125,0.56125,0.56125,0.818,0.7812760000000001,703.625,0.2041583383119345,0.0378397583940309,703.625,0.9309856501538792,0.0012948146375233,0.9931130706575672,64.0,0.016
Base nominal control condition,base_b_reward_shuffle_20260402_132309,n7tq5k0sid555howe8hmg,109,109.0,0.1143217459321022,0.0001014037234199,1.7272034621290677e-05,5.539423000300303e-07,506.01953125,,,,,,,,,,,,,
Base nominal control condition,base_b_reward_shuffle_20260402_132309,n7tq5k0sid555howe8hmg,110,110.0,0.1133871898055076,0.0001048836784462,2.5853971734934863e-05,7.883518992457539e-05,512.7578125,,,,,,,,,,,,,
Base nominal control condition,base_b_reward_shuffle_20260402_132309,n7tq5k0sid555howe8hmg,111,111.0,0.1117766052484512,0.0001034416961829,1.051847344712975e-05,-4.888055627816357e-06,512.546875,,,,,,,,,,,,,
Base nominal control condition,base_b_reward_shuffle_20260402_132309,n7tq5k0sid555howe8hmg,112,112.0,0.1163178756833076,0.0001048034523165,-1.1494147544865996e-06,0.0001544254728287,526.8203125,,,,,,,,,,,,,
Base nominal control condition,base_b_reward_shuffle_20260402_132309,n7tq5k0sid555howe8hmg,113,113.0,0.1129965558648109,0.0001061085739024,-4.176082246543089e-05,4.12871377193369e-05,511.927734375,,,,,,,,,,,,,
Base nominal control condition,base_b_reward_shuffle_20260402_132309,n7tq5k0sid555howe8hmg,114,114.0,0.1215026825666427,0.0001034664990271,5.716723986637362e-06,9.651442269387188e-05,523.1015625,0.5725,0.5725,0.818,0.78565,620.59375,0.2360185734292484,0.0462762475451936,620.59375,0.9243699676038828,0.0014832523856135,0.9897917237453,64.0,0.016
Base nominal control condition,base_b_reward_shuffle_20260402_132309,n7tq5k0sid555howe8hmg,115,115.0,0.1156423836946487,0.0001007932494729,2.8568279966334487e-05,0.0001015862681015,516.6484375,,,,,,,,,,,,,
Base nominal control condition,base_b_reward_shuffle_20260402_132309,n7tq5k0sid555howe8hmg,116,116.0,0.1121647655963897,0.0001035009436378,1.8585180257879585e-05,4.855847510043532e-05,512.3203125,,,,,,,,,,,,,
Base nominal control condition,base_b_reward_shuffle_20260402_132309,n7tq5k0sid555howe8hmg,117,117.0,0.1140758246183395,0.000102878986766,3.055565487269929e-06,4.824486495635938e-05,513.49609375,,,,,,,,,,,,,
Base nominal control condition,base_b_reward_shuffle_20260402_132309,n7tq5k0sid555howe8hmg,118,118.0,0.1142289116978645,0.0001048254761286,1.873665307339234e-05,4.87454017275013e-05,509.587890625,,,,,,,,,,,,,
Base nominal control condition,base_b_reward_shuffle_20260402_132309,n7tq5k0sid555howe8hmg,119,119.0,0.1114235445857048,0.0001077327288356,3.5332591617198705e-06,-1.1191684279765468e-05,503.32421875,,,,,,,,,,,,,
Base nominal control condition,base_b_reward_shuffle_20260402_132309,n7tq5k0sid555howe8hmg,120,120.0,0.1122127547860145,0.0001037316612695,1.0063080124744772e-05,5.135185801918851e-05,513.03125,0.55925,0.55925,0.818,0.7788619999999999,615.453125,0.1938009943159842,0.035314427885958,615.453125,0.9338309027434468,0.0015739947574384,0.9940880114448272,64.0,0.016
Base nominal control condition,base_b_reward_shuffle_20260402_132309,n7tq5k0sid555howe8hmg,121,121.0,0.1139554902911186,0.0001019707868863,2.639657039926746e-05,8.698494366399245e-05,519.53125,,,,,,,,,,,,,
Base nominal control condition,base_b_reward_shuffle_20260402_132309,n7tq5k0sid555howe8hmg,122,122.0,0.1108479648828506,0.0001022610732235,-6.408191440598898e-06,2.181812124035787e-05,510.345703125,,,,,,,,,,,,,
Base nominal control condition,base_b_reward_shuffle_20260402_132309,n7tq5k0sid555howe8hmg,123,123.0,0.1102530285716056,0.000103678378025,2.431188212537183e-05,7.984026706253644e-05,510.890625,,,,,,,,,,,,,
Base nominal control condition,base_b_reward_shuffle_20260402_132309,n7tq5k0sid555howe8hmg,124,124.0,0.1097069606184959,0.000105299613736,4.520391147089242e-05,5.192779008211801e-05,508.611328125,,,,,,,,,,,,,
Base nominal control condition,base_b_reward_shuffle_20260402_132309,n7tq5k0sid555howe8hmg,125,125.0,0.1153209283947944,9.715323236036966e-05,-2.890706498737128e-05,5.868949847354088e-05,510.658203125,,,,,,,,,,,,,
Base nominal control condition,base_b_reward_shuffle_20260402_132309,n7tq5k0sid555howe8hmg,126,126.0,0.1093913987278938,0.0001006415656519,-1.544793675534173e-05,5.237149252934614e-05,507.810546875,0.5625,0.5625,0.79,0.7655879999999999,580.5,0.1975657398283841,0.0373600344530577,580.5,0.9345394819589856,0.001665238290624,0.9930194268238944,64.0,0.016
Base nominal control condition,base_b_reward_shuffle_20260402_132309,n7tq5k0sid555howe8hmg,127,127.0,0.1086016669869422,0.0001040025061911,4.89055495540569e-05,2.4838265744620003e-05,507.951171875,,,,,,,,,,,,,
Base nominal control condition,base_b_reward_shuffle_20260402_132309,n7tq5k0sid555howe8hmg,128,128.0,0.111176885664463,9.910888594788504e-05,-1.1605724934415916e-05,0.0001094533918148,520.30859375,,,,,,,,,,,,,
Base nominal control condition,base_b_reward_shuffle_20260402_132309,n7tq5k0sid555howe8hmg,129,129.0,0.1117527410387992,0.0001102214931734,-1.0557299367386364e-05,6.119165300333407e-05,511.478515625,,,,,,,,,,,,,
Base nominal control condition,base_b_reward_shuffle_20260402_132309,n7tq5k0sid555howe8hmg,130,130.0,0.1080745682120323,0.0001045916034314,3.142037090542171e-05,4.558229193207808e-05,511.267578125,,,,,,,,,,,,,
Base nominal control condition,base_b_reward_shuffle_20260402_132309,n7tq5k0sid555howe8hmg,131,131.0,0.1112504750490188,0.000108269534337,-1.43225821001014e-05,1.3113631212036123e-06,506.361328125,,,,,,,,,,,,,
Base nominal control condition,base_b_reward_shuffle_20260402_132309,n7tq5k0sid555howe8hmg,132,132.0,0.107156790792942,0.0001099864630447,3.082188660741281e-05,5.0248807383468375e-05,505.72265625,0.562,0.562,0.82,0.783722,615.0,0.1818710414859337,0.0345020325203252,615.0,0.9360527544486812,0.0015592090908381,0.995126229960744,64.0,0.016
Base nominal control condition,base_b_reward_shuffle_20260402_132309,n7tq5k0sid555howe8hmg,133,133.0,0.107292354106903,0.0001063295668615,-1.972050217347032e-06,0.0,503.484375,,,,,,,,,,,,,
Base nominal control condition,base_b_reward_shuffle_20260402_132309,n7tq5k0sid555howe8hmg,134,134.0,0.1108487695455551,0.0001057347449773,2.437451828107839e-05,8.24784519863897e-05,507.0078125,,,,,,,,,,,,,
Base nominal control condition,base_b_reward_shuffle_20260402_132309,n7tq5k0sid555howe8hmg,135,135.0,0.1087096855044364,0.0001061339720251,-3.048451494791493e-05,5.300958491716301e-05,506.619140625,,,,,,,,,,,,,
Base nominal control condition,base_b_reward_shuffle_20260402_132309,n7tq5k0sid555howe8hmg,136,136.0,0.1111442148685455,0.0001024831243938,5.9624639977995386e-05,-7.13363078830298e-07,498.26953125,,,,,,,,,,,,,
Base nominal control condition,base_b_reward_shuffle_20260402_132309,n7tq5k0sid555howe8hmg,137,137.0,0.1078089103102684,0.0001005865040468,-3.078076970997046e-05,1.6584737750235945e-05,502.634765625,,,,,,,,,,,,,
Base nominal control condition,base_b_reward_shuffle_20260402_132309,n7tq5k0sid555howe8hmg,138,138.0,0.108640469610691,0.000114186393219,9.214686212732914e-06,9.56130043050507e-06,504.666015625,0.56325,0.56325,0.806,0.773952,530.203125,0.1698408077647957,0.0317095452804055,530.203125,0.9388853890458888,0.0018219735462525,0.9960979166796172,64.0,0.016
Base nominal control condition,base_b_reward_shuffle_20260402_132309,n7tq5k0sid555howe8hmg,139,139.0,0.1087067872285842,0.0001137476423878,-7.13310864720873e-06,3.17543981509516e-05,506.9140625,,,,,,,,,,,,,
Base nominal control condition,base_b_reward_shuffle_20260402_132309,n7tq5k0sid555howe8hmg,140,140.0,0.1094762906432151,0.0001068592039956,1.8907189523353907e-05,5.9330210660846205e-05,510.763671875,,,,,,,,,,,,,
Base nominal control condition,base_b_reward_shuffle_20260402_132309,n7tq5k0sid555howe8hmg,141,141.0,0.1129120886325836,0.0001129591522612,1.4675614198614295e-05,7.79523397795856e-05,514.91796875,,,,,,,,,,,,,
Base nominal control condition,base_b_reward_shuffle_20260402_132309,n7tq5k0sid555howe8hmg,142,142.0,0.1109719201922416,0.0001093883775098,-2.1325611960332225e-05,4.457310751604382e-06,506.283203125,,,,,,,,,,,,,
Base nominal control condition,base_b_reward_shuffle_20260402_132309,n7tq5k0sid555howe8hmg,143,143.0,0.1085257083177566,0.0001059183858274,1.410548937208489e-05,0.0,502.021484375,,,,,,,,,,,,,
Base nominal control condition,base_b_reward_shuffle_20260402_132309,n7tq5k0sid555howe8hmg,144,144.0,0.1087197363376617,0.0001067080131633,-5.0095319725329546e-05,2.525008312659338e-06,502.890625,0.5615,0.5615,0.816,0.7781520000000001,544.484375,0.2197715908320599,0.0429018279909317,544.484375,0.926256105732664,0.0017859339608749,0.99186665539653,64.0,0.016
Base nominal control condition,base_b_reward_shuffle_20260402_132309,n7tq5k0sid555howe8hmg,145,145.0,0.1128794327378273,0.0001081442749324,1.383783051817078e-05,5.97222606302239e-05,505.53125,,,,,,,,,,,,,
Base nominal control condition,base_b_reward_shuffle_20260402_132309,n7tq5k0sid555howe8hmg,146,146.0,0.1105986386537552,0.000104664199398,6.649165596794848e-05,0.0,502.583984375,,,,,,,,,,,,,
Base nominal control condition,base_b_reward_shuffle_20260402_132309,n7tq5k0sid555howe8hmg,147,147.0,0.108412317931652,0.0001068584941776,-1.300678802973465e-05,0.0,498.798828125,,,,,,,,,,,,,
Base nominal control condition,base_b_reward_shuffle_20260402_132309,n7tq5k0sid555howe8hmg,148,148.0,0.1119589805603027,0.0001081110839038,-7.949816589025716e-06,5.28924638274475e-05,508.05078125,,,,,,,,,,,,,
Base nominal control condition,base_b_reward_shuffle_20260402_132309,n7tq5k0sid555howe8hmg,149,149.0,0.1134193241596222,0.0001083009036904,4.063880412630283e-06,2.7378147024137437e-05,504.134765625,,,,,,,,,,,,,
Base nominal control condition,base_b_reward_shuffle_20260402_132309,n7tq5k0sid555howe8hmg,150,150.0,0.1112413257360458,0.0001088106074575,1.4687250089018278e-05,2.2968642042542345e-05,505.2734375,0.56075,0.56075,0.832,0.786152,738.25,0.2153701007951529,0.0421816796478157,738.25,0.9267183259265768,0.001226569821304,0.9924621704752632,64.0,0.016
Base nominal control condition,base_b_reward_shuffle_20260402_132309,n7tq5k0sid555howe8hmg,151,151.0,0.1120732575654983,0.0001143646800585,3.776807270661209e-05,3.366711098351516e-06,503.03125,,,,,,,,,,,,,
Base nominal control condition,base_b_reward_shuffle_20260402_132309,n7tq5k0sid555howe8hmg,152,152.0,0.1132982745766639,0.000107952015881,-2.831486731719179e-05,7.18864885129733e-06,507.01171875,,,,,,,,,,,,,
Base nominal control condition,base_b_reward_shuffle_20260402_132309,n7tq5k0sid555howe8hmg,153,153.0,0.1127094849944114,0.0001061955552614,1.7072740465806646e-05,3.721596112882253e-05,507.5859375,,,,,,,,,,,,,
Base nominal control condition,base_b_reward_shuffle_20260402_132309,n7tq5k0sid555howe8hmg,154,154.0,0.1110944375395774,0.0001038346386934,-2.9232542587465105e-05,3.1441137252841145e-05,505.849609375,,,,,,,,,,,,,
Base nominal control condition,base_b_reward_shuffle_20260402_132309,n7tq5k0sid555howe8hmg,155,155.0,0.1211277842521667,0.0001088346232194,3.401703026995051e-05,7.255791933857836e-05,507.49609375,,,,,,,,,,,,,
Base nominal control condition,base_b_reward_shuffle_20260402_132309,n7tq5k0sid555howe8hmg,156,156.0,0.1136581748723983,0.0001094270842258,-3.6804307956828097e-06,2.528797904233215e-05,505.767578125,0.55925,0.55925,0.814,0.775116,613.015625,0.1800001462989344,0.0351489817245686,613.015625,0.9382897548312376,0.0016187695985694,0.994608897101556,64.0,0.016
Base nominal control condition,base_b_reward_shuffle_20260402_132309,n7tq5k0sid555howe8hmg,157,157.0,0.1106320470571518,0.0001072028741901,-2.984275897066624e-06,-9.486022463534027e-06,502.865234375,,,,,,,,,,,,,
Base nominal control condition,base_b_reward_shuffle_20260402_132309,n7tq5k0sid555howe8hmg,158,158.0,0.1099734306335449,0.0001128331535511,5.4266443081374405e-06,-4.38326969742775e-06,499.80078125,,,,,,,,,,,,,
Base nominal control condition,base_b_reward_shuffle_20260402_132309,n7tq5k0sid555howe8hmg,159,159.0,0.1127269715070724,0.000105062299724,9.352368293136236e-07,2.707554813241586e-05,503.998046875,,,,,,,,,,,,,
Base nominal control condition,base_b_reward_shuffle_20260402_132309,n7tq5k0sid555howe8hmg,160,160.0,0.1106182783842086,0.0001139654168866,8.575485971640262e-05,1.7906755601870827e-05,502.046875,,,,,,,,,,,,,
Base nominal control condition,base_b_reward_shuffle_20260402_132309,n7tq5k0sid555howe8hmg,161,161.0,0.1123201623558998,0.0001110492313642,3.582564298776347e-05,-2.110149580403231e-06,501.125,,,,,,,,,,,,,
Base nominal control condition,base_b_reward_shuffle_20260402_132309,n7tq5k0sid555howe8hmg,162,162.0,0.1119913533329963,0.0001076491429472,4.00796117401292e-05,3.218160418327898e-05,502.744140625,0.5755,0.5755,0.83,0.792272,552.421875,0.1843713618221722,0.0341677273370103,552.421875,0.9363252829938912,0.0017411964843467,0.99472850054532,64.0,0.016
Base nominal control condition,base_b_reward_shuffle_20260402_132309,n7tq5k0sid555howe8hmg,163,163.0,0.1117548272013664,0.00010628673337,-2.526736357921777e-07,-8.221759344451129e-07,507.8984375,,,,,,,,,,,,,
Base nominal control condition,base_b_reward_shuffle_20260402_132309,n7tq5k0sid555howe8hmg,164,164.0,0.1141112074255943,0.0001041514797037,9.03153187348238e-06,5.357924874260789e-05,507.6015625,,,,,,,,,,,,,
Base nominal control condition,base_b_reward_shuffle_20260402_132309,n7tq5k0sid555howe8hmg,165,165.0,0.131617397069931,0.0001058116720429,1.729352741186574e-05,0.0,505.30078125,,,,,,,,,,,,,
Base nominal control condition,base_b_reward_shuffle_20260402_132309,n7tq5k0sid555howe8hmg,166,166.0,0.1128913387656212,0.0001059068475086,-7.029111152689893e-06,2.3409911591443237e-05,505.125,,,,,,,,,,,,,
Base nominal control condition,base_b_reward_shuffle_20260402_132309,n7tq5k0sid555howe8hmg,167,167.0,0.1145178601145744,0.0001126302869778,1.25902382349663e-05,4.9976913032878656e-05,506.955078125,,,,,,,,,,,,,
Base nominal control condition,base_b_reward_shuffle_20260402_132309,n7tq5k0sid555howe8hmg,168,168.0,0.1123984083533287,0.0001036036837973,5.8332097632618485e-05,4.714593796961708e-05,508.359375,0.563,0.563,0.812,0.7768419999999999,579.984375,0.1868188751614515,0.0350494355990193,579.984375,0.9345878482478334,0.0016437123701781,0.9949537779918188,64.0,0.016
Base nominal control condition,base_b_reward_shuffle_20260402_132309,n7tq5k0sid555howe8hmg,169,169.0,0.1162111014127731,0.0001065239597011,6.903978384542597e-07,9.788130228116644e-05,515.177734375,,,,,,,,,,,,,
Base nominal control condition,base_b_reward_shuffle_20260402_132309,n7tq5k0sid555howe8hmg,170,170.0,0.114489622414112,0.0001079355719326,1.1159668879656692e-05,7.432952952513006e-05,514.421875,,,,,,,,,,,,,
Base nominal control condition,base_b_reward_shuffle_20260402_132309,n7tq5k0sid555howe8hmg,171,171.0,0.1157566457986831,0.0001067804739278,7.534648531759558e-07,9.461284389544744e-05,514.6640625,,,,,,,,,,,,,
Base nominal control condition,base_b_reward_shuffle_20260402_132309,n7tq5k0sid555howe8hmg,172,172.0,0.1142780184745788,0.0001077911017404,8.136063240016256e-06,1.9427138795435898e-05,503.537109375,,,,,,,,,,,,,
Base nominal control condition,base_b_reward_shuffle_20260402_132309,n7tq5k0sid555howe8hmg,173,173.0,0.1145434752106666,0.0001080479685953,4.365821476515208e-05,5.544625128095504e-05,508.091796875,,,,,,,,,,,,,
Base nominal control condition,base_b_reward_shuffle_20260402_132309,n7tq5k0sid555howe8hmg,174,174.0,0.112133003771305,0.0001114928948311,-7.283762735343924e-05,2.1767564248875715e-06,501.974609375,0.56325,0.56325,0.8,0.7657280000000001,600.9375,0.4074011167882323,0.063832553302132,600.9375,0.9095990744842196,0.0016455585211324,0.9711842612803632,64.0,0.016
Base nominal control condition,base_b_reward_shuffle_20260402_132309,n7tq5k0sid555howe8hmg,175,175.0,0.1117293760180473,0.0001091767652781,-3.569635396560855e-05,8.068840543273836e-06,503.650390625,,,,,,,,,,,,,
Base nominal control condition,base_b_reward_shuffle_20260402_132309,n7tq5k0sid555howe8hmg,176,176.0,0.1125054508447647,0.0001023215140349,9.320342469365528e-06,4.738319967145799e-05,503.029296875,,,,,,,,,,,,,
Base nominal control condition,base_b_reward_shuffle_20260402_132309,n7tq5k0sid555howe8hmg,177,177.0,0.1127793341875076,0.0001091062674873,-3.433050982692976e-05,8.881730536813848e-06,502.109375,,,,,,,,,,,,,
Base nominal control condition,base_b_reward_shuffle_20260402_132309,n7tq5k0sid555howe8hmg,178,178.0,0.1140515953302383,0.0001083527517096,-2.6175358420976732e-05,1.947770215338096e-05,511.849609375,,,,,,,,,,,,,
Base nominal control condition,base_b_reward_shuffle_20260402_132309,n7tq5k0sid555howe8hmg,179,179.0,0.1122664287686348,0.0001105721567,1.3142698569446054e-06,-4.469747182156425e-06,504.12109375,,,,,,,,,,,,,
Base nominal control condition,base_b_reward_shuffle_20260402_132309,n7tq5k0sid555howe8hmg,180,180.0,0.110905535519123,0.0001053908110861,1.4480727267951464e-05,2.6938715564028826e-05,498.41015625,0.5745,0.5745,0.832,0.79291,531.34375,0.1805610223734357,0.0344939128389107,531.34375,0.9365842640066908,0.001825956091708,0.9952685858637824,64.0,0.016
