step,training/global_step,training/global_step_timestamp,actor/entropy,actor/entropy_timestamp,actor/kl_loss,actor/kl_loss_timestamp,actor/ppo_kl,actor/ppo_kl_timestamp,actor/pg_loss,actor/pg_loss_timestamp,response_length/mean,response_length/mean_timestamp,val-core/math500/reward/mean@8,val-core/math500/reward/mean@8_timestamp,val-core/math500/reward/pass@1,val-core/math500/reward/pass@1_timestamp,val-core/math500/reward/pass@8,val-core/math500/reward/pass@8_timestamp,val-core/math500/reward/best@8/mean,val-core/math500/reward/best@8/mean_timestamp,val-aux/math500/response_length/mean@8,val-aux/math500/response_length/mean@8_timestamp,val-token/math500/summary/token_entropy_mean,val-token/math500/summary/token_entropy_mean_timestamp,val-token/math500/summary/low_confidence_token_ratio,val-token/math500/summary/low_confidence_token_ratio_timestamp,val-token/math500/summary/response_length_mean,val-token/math500/summary/response_length_mean_timestamp,val-token/math500/summary/top1_prob_mean,val-token/math500/summary/top1_prob_mean_timestamp,val-token/math500/summary/eos_prob_mean,val-token/math500/summary/eos_prob_mean_timestamp,val-token/math500/summary/topk_mass_mean,val-token/math500/summary/topk_mass_mean_timestamp,val-token/math500/summary/analyzed_samples,val-token/math500/summary/analyzed_samples_timestamp,val-token/math500/summary/analyzed_sample_fraction,val-token/math500/summary/analyzed_sample_fraction_timestamp
0,,,,,,,,,,,,,0.68375,1775274364000.0,0.68375,1775274364000.0,0.834,1775274364000.0,0.807192,1775274364000.0,473.25,1775274364000.0,0.1106249272225083,1775274364000.0,0.0169374009508716,1775274364000.0,473.25,1775274364000.0,0.963924547005002,1775274364000.0,0.0021022310017028,1775274364000.0,0.997427968077098,1775274364000.0,64.0,1775274364000.0,0.016,1775274364000.0
1,1.0,1775274523000.0,0.1181448027491569,1775274523000.0,7.728676651996835e-07,1775274523000.0,2.237536362592607e-05,1775274523000.0,0.0001492800595892,1775274523000.0,580.923828125,1775274523000.0,,,,,,,,,,,,,,,,,,,,,,,,,,
2,2.0,1775274653000.0,0.0982692837715148,1775274653000.0,8.630420561539509e-07,1775274653000.0,1.265307516984393e-06,1775274653000.0,0.000153380095228,1775274653000.0,564.1953125,1775274653000.0,,,,,,,,,,,,,,,,,,,,,,,,,,
3,3.0,1775274782000.0,0.1066767498850822,1775274782000.0,1.6875031870755564e-06,1775274782000.0,-1.020137140450572e-05,1775274782000.0,0.0001297042936698,1775274782000.0,568.296875,1775274782000.0,,,,,,,,,,,,,,,,,,,,,,,,,,
4,4.0,1775274917000.0,0.1179610639810562,1775274917000.0,3.023473340135752e-06,1775274917000.0,-3.878476780627693e-06,1775274917000.0,0.0002216667261834,1775274917000.0,571.54296875,1775274917000.0,,,,,,,,,,,,,,,,,,,,,,,,,,
5,5.0,1775275047000.0,0.1214019209146499,1775275047000.0,8.23786534276394e-06,1775275047000.0,3.998728612142344e-05,1775275047000.0,0.0002577093905955,1775275047000.0,562.1875,1775275047000.0,,,,,,,,,,,,,,,,,,,,,,,,,,
6,6.0,1775275454000.0,0.0987802520394325,1775275454000.0,9.883061365734136e-06,1775275454000.0,-6.626457790120943e-06,1775275454000.0,0.0002426488121045,1775275454000.0,550.72265625,1775275454000.0,0.68075,1775275454000.0,0.68075,1775275454000.0,0.848,1775275454000.0,0.82326,1775275454000.0,504.671875,1775275454000.0,0.6881286912578713,1775275454000.0,0.0805288089414533,1775275454000.0,504.671875,1775275454000.0,0.904896088482673,1775275454000.0,0.0019898110908213,1775275454000.0,0.9416938667648136,1775275454000.0,64.0,1775275454000.0,0.016,1775275454000.0
7,7.0,1775275588000.0,0.1421334743499756,1775275588000.0,1.026083499722219e-05,1775275588000.0,-6.816871298331861e-06,1775275588000.0,0.0002479306842815,1775275588000.0,548.6953125,1775275588000.0,,,,,,,,,,,,,,,,,,,,,,,,,,
8,8.0,1775275716000.0,0.0888377428054809,1775275716000.0,1.116137127432637e-05,1775275716000.0,1.0603790273067126e-06,1775275716000.0,0.0002559266180242,1775275716000.0,541.59375,1775275716000.0,,,,,,,,,,,,,,,,,,,,,,,,,,
9,9.0,1775275843000.0,0.0884327739477157,1775275843000.0,1.621357924186384e-05,1775275843000.0,-3.036860341865122e-06,1775275843000.0,0.0001367119698443,1775275843000.0,535.376953125,1775275843000.0,,,,,,,,,,,,,,,,,,,,,,,,,,
10,10.0,1775275968000.0,0.0850780978798866,1775275968000.0,1.6128568081974493e-05,1775275968000.0,5.5387796301431536e-05,1775275968000.0,8.594276187068317e-05,1775275968000.0,525.97265625,1775275968000.0,,,,,,,,,,,,,,,,,,,,,,,,,,
11,11.0,1775276094000.0,0.0652403309941291,1775276094000.0,1.3626435352520616e-05,1775276094000.0,1.0767244122966702e-06,1775276094000.0,1.0097129234054592e-05,1775276094000.0,522.703125,1775276094000.0,,,,,,,,,,,,,,,,,,,,,,,,,,
12,12.0,1775276505000.0,0.0948140025138855,1775276505000.0,1.6181682031657374e-05,1775276505000.0,7.922257190928761e-06,1775276505000.0,3.321760959806852e-05,1775276505000.0,523.921875,1775276505000.0,0.6805,1775276505000.0,0.6805,1775276505000.0,0.834,1775276505000.0,0.8108420000000001,1775276505000.0,470.3125,1775276505000.0,0.1338511478386052,1775276505000.0,0.0203986710963455,1775276505000.0,470.3125,1775276505000.0,0.9627058831401838,1775276505000.0,0.0020797824577437,1775276505000.0,0.9947304202868692,1775276505000.0,64.0,1775276505000.0,0.016,1775276505000.0
13,13.0,1775276632000.0,0.0672059953212738,1775276632000.0,1.64498950034897e-05,1775276632000.0,7.029868591412747e-07,1775276632000.0,1.1938510397158096e-05,1775276632000.0,523.17578125,1775276632000.0,,,,,,,,,,,,,,,,,,,,,,,,,,
14,14.0,1775276760000.0,0.0696365758776664,1775276760000.0,1.5109351386044524e-05,1775276760000.0,1.3840053749242244e-05,1775276760000.0,3.083340197918005e-05,1775276760000.0,523.126953125,1775276760000.0,,,,,,,,,,,,,,,,,,,,,,,,,,
15,15.0,1775276888000.0,0.0672146156430244,1775276888000.0,1.800354713665797e-05,1775276888000.0,-2.480259858161915e-05,1775276888000.0,2.6266457098245155e-05,1775276888000.0,525.953125,1775276888000.0,,,,,,,,,,,,,,,,,,,,,,,,,,
16,16.0,1775277017000.0,0.0663921386003494,1775277017000.0,1.9746238397289065e-05,1775277017000.0,-2.5006404052341225e-05,1775277017000.0,1.9414982489252e-05,1775277017000.0,521.63671875,1775277017000.0,,,,,,,,,,,,,,,,,,,,,,,,,,
17,17.0,1775277145000.0,0.0648279041051864,1775277145000.0,1.7214586852887237e-05,1775277145000.0,3.2595375592414655e-05,1775277145000.0,1.2036301086482126e-05,1775277145000.0,523.69921875,1775277145000.0,,,,,,,,,,,,,,,,,,,,,,,,,,
18,18.0,1775277552000.0,0.0688536614179611,1775277552000.0,1.936806886426723e-05,1775277552000.0,-2.940433413446686e-05,1775277552000.0,1.248891385330353e-05,1775277552000.0,522.642578125,1775277552000.0,0.688,1775277552000.0,0.688,1775277552000.0,0.852,1775277552000.0,0.82694,1775277552000.0,493.484375,1775277552000.0,0.2325024189453975,1775277552000.0,0.0301744609441788,1775277552000.0,493.484375,1775277552000.0,0.9527671535438678,1775277552000.0,0.0020738849426106,1775277552000.0,0.9849721059885856,1775277552000.0,64.0,1775277552000.0,0.016,1775277552000.0
19,19.0,1775277683000.0,0.0632660314440727,1775277683000.0,1.840816351084129e-05,1775277683000.0,-5.45946025709565e-06,1775277683000.0,2.6809748305822723e-05,1775277683000.0,522.478515625,1775277683000.0,,,,,,,,,,,,,,,,,,,,,,,,,,
20,20.0,1775277811000.0,0.0652846544981002,1775277811000.0,1.9650781847957436e-05,1775277811000.0,1.400412183349964e-05,1775277811000.0,4.897401595371775e-06,1775277811000.0,520.802734375,1775277811000.0,,,,,,,,,,,,,,,,,,,,,,,,,,
21,21.0,1775277937000.0,0.0605346672236919,1775277937000.0,2.055321395033616e-05,1775277937000.0,-1.734241919493229e-05,1775277937000.0,-8.657225407660007e-07,1775277937000.0,519.26171875,1775277937000.0,,,,,,,,,,,,,,,,,,,,,,,,,,
22,22.0,1775278063000.0,0.0608586333692073,1775278063000.0,2.000558663439733e-05,1775278063000.0,-1.4848817702445284e-05,1775278063000.0,1.0896127605519725e-05,1775278063000.0,522.490234375,1775278063000.0,,,,,,,,,,,,,,,,,,,,,,,,,,
23,23.0,1775278191000.0,0.0609052069485187,1775278191000.0,2.215078121992065e-05,1775278191000.0,-9.936357686979314e-06,1775278191000.0,1.0003901479649356e-05,1775278191000.0,521.81640625,1775278191000.0,,,,,,,,,,,,,,,,,,,,,,,,,,
24,24.0,1775278596000.0,0.0624712444841861,1775278596000.0,2.116557173792444e-05,1775278596000.0,-4.531337486501919e-05,1775278596000.0,7.248406291182619e-06,1775278596000.0,521.634765625,1775278596000.0,0.68225,1775278596000.0,0.68225,1775278596000.0,0.842,1775278596000.0,0.819028,1775278596000.0,487.578125,1775278596000.0,0.3974890370453766,1775278596000.0,0.0487421887518026,1775278596000.0,487.578125,1775278596000.0,0.9339444473870498,1775278596000.0,0.002051463182147,1775278596000.0,0.9691833227151786,1775278596000.0,64.0,1775278596000.0,0.016,1775278596000.0
25,25.0,1775278722000.0,0.0611244738101959,1775278722000.0,2.0351593409628776e-05,1775278722000.0,-2.0753675186613307e-05,1775278722000.0,1.831817826314364e-06,1775278722000.0,521.3125,1775278722000.0,,,,,,,,,,,,,,,,,,,,,,,,,,
26,26.0,1775278851000.0,0.05906792730093,1775278851000.0,2.1603068674380665e-05,1775278851000.0,3.1316993500674077e-06,1775278851000.0,1.3663767276739236e-05,1775278851000.0,524.060546875,1775278851000.0,,,,,,,,,,,,,,,,,,,,,,,,,,
27,27.0,1775278981000.0,0.0644896104931831,1775278981000.0,2.165480501759021e-05,1775278981000.0,5.659232466542763e-05,1775278981000.0,1.521073227195302e-05,1775278981000.0,520.8359375,1775278981000.0,,,,,,,,,,,,,,,,,,,,,,,,,,
28,28.0,1775279108000.0,0.0596983395516872,1775279108000.0,2.1593557981702816e-05,1775279108000.0,-1.2098010373051691e-05,1775279108000.0,1.807376065698918e-06,1775279108000.0,521.994140625,1775279108000.0,,,,,,,,,,,,,,,,,,,,,,,,,,
29,29.0,1775279234000.0,0.0598139539361,1775279234000.0,2.0728562031280265e-05,1775279234000.0,1.2773583836001023e-05,1775279234000.0,1.1943948265979998e-05,1775279234000.0,523.697265625,1775279234000.0,,,,,,,,,,,,,,,,,,,,,,,,,,
30,30.0,1775279638000.0,0.0656980946660041,1775279638000.0,2.0402413614561965e-05,1775279638000.0,1.2780052453198463e-05,1775279638000.0,1.3747177945333531e-05,1775279638000.0,521.015625,1775279638000.0,0.6875,1775279638000.0,0.6875,1775279638000.0,0.854,1775279638000.0,0.833434,1775279638000.0,469.078125,1775279638000.0,0.154330693477436,1775279638000.0,0.0215182705439525,1775279638000.0,469.078125,1775279638000.0,0.9616516256613534,1775279638000.0,0.0021383399998481,1775279638000.0,0.992697390879119,1775279638000.0,64.0,1775279638000.0,0.016,1775279638000.0
31,31.0,1775279764000.0,0.0575064979493618,1775279764000.0,2.138795852957287e-05,1775279764000.0,-1.8672972254663023e-05,1775279764000.0,5.93469576415373e-06,1775279764000.0,520.6328125,1775279764000.0,,,,,,,,,,,,,,,,,,,,,,,,,,
32,32.0,1775279892000.0,0.0580066815018653,1775279892000.0,2.1408592129290582e-05,1775279892000.0,-6.336253066674402e-06,1775279892000.0,5.6504322856199e-06,1775279892000.0,523.01953125,1775279892000.0,,,,,,,,,,,,,,,,,,,,,,,,,,
33,33.0,1775280020000.0,0.0615371949970722,1775280020000.0,2.0938870870068627e-05,1775280020000.0,-7.060192786401132e-06,1775280020000.0,1.9856342078128364e-05,1775280020000.0,520.630859375,1775280020000.0,,,,,,,,,,,,,,,,,,,,,,,,,,
34,34.0,1775280147000.0,0.0598139055073261,1775280147000.0,2.2173254315305257e-05,1775280147000.0,-3.677694707893142e-05,1775280147000.0,2.916187440860085e-06,1775280147000.0,520.830078125,1775280147000.0,,,,,,,,,,,,,,,,,,,,,,,,,,
35,35.0,1775280274000.0,0.0598345100879669,1775280274000.0,2.2668313063078926e-05,1775280274000.0,-3.0002784175753305e-05,1775280274000.0,6.9331999839050695e-06,1775280274000.0,520.283203125,1775280274000.0,,,,,,,,,,,,,,,,,,,,,,,,,,
36,36.0,1775280682000.0,0.060176957398653,1775280682000.0,2.2398252454536305e-05,1775280682000.0,-3.607509323333424e-05,1775280682000.0,1.0748214663180988e-05,1775280682000.0,519.98828125,1775280682000.0,0.6895,1775280682000.0,0.6895,1775280682000.0,0.85,1775280682000.0,0.8216379999999999,1775280682000.0,466.46875,1775280682000.0,0.1974065397559913,1775280682000.0,0.0285723856099685,1775280682000.0,466.46875,1775280682000.0,0.9538051323856506,1775280682000.0,0.0021388632993876,1775280682000.0,0.9890432551372408,1775280682000.0,64.0,1775280682000.0,0.016,1775280682000.0
37,37.0,1775280812000.0,0.0572712011635303,1775280812000.0,2.132656089059992e-05,1775280812000.0,7.047496300760514e-06,1775280812000.0,1.1221044587728102e-05,1775280812000.0,523.46875,1775280812000.0,,,,,,,,,,,,,,,,,,,,,,,,,,
38,38.0,1775280941000.0,0.0672237947583198,1775280941000.0,2.304429633781524e-05,1775280941000.0,-5.959252429299511e-07,1775280941000.0,6.309442142082844e-06,1775280941000.0,523.37109375,1775280941000.0,,,,,,,,,,,,,,,,,,,,,,,,,,
39,39.0,1775281068000.0,0.0587750002741813,1775281068000.0,2.1345440618603103e-05,1775281068000.0,1.5227591517896766e-05,1775281068000.0,1.522105867479695e-05,1775281068000.0,520.939453125,1775281068000.0,,,,,,,,,,,,,,,,,,,,,,,,,,
40,40.0,1775281197000.0,0.0608209073543548,1775281197000.0,2.249476403726192e-05,1775281197000.0,-1.885390924805108e-05,1775281197000.0,9.092293112189507e-06,1775281197000.0,522.09375,1775281197000.0,,,,,,,,,,,,,,,,,,,,,,,,,,
41,41.0,1775281323000.0,0.0622890405356884,1775281323000.0,2.4976275984300852e-05,1775281323000.0,-2.300507144314956e-05,1775281323000.0,1.1956811249547172e-05,1775281323000.0,522.04296875,1775281323000.0,,,,,,,,,,,,,,,,,,,,,,,,,,
42,42.0,1775281714000.0,0.057812463492155,1775281714000.0,2.351707296099903e-05,1775281714000.0,5.806173740907639e-06,1775281714000.0,0.0,1775281714000.0,522.126953125,1775281714000.0,0.68175,1775281714000.0,0.68175,1775281714000.0,0.85,1775281714000.0,0.8210639999999999,1775281714000.0,479.5625,1775281714000.0,0.1163415694413868,1775281714000.0,0.0175615795647074,1775281714000.0,479.5625,1775281714000.0,0.9636933162534592,1775281714000.0,0.0020791517135358,1775281714000.0,0.9965295929587464,1775281714000.0,64.0,1775281714000.0,0.016,1775281714000.0
43,43.0,1775281835000.0,0.0818553492426872,1775281835000.0,2.2965726945045617e-05,1775281835000.0,-2.551659467497913e-05,1775281835000.0,1.40893762363703e-05,1775281835000.0,521.8515625,1775281835000.0,,,,,,,,,,,,,,,,,,,,,,,,,,
44,44.0,1775281957000.0,0.0573048330843448,1775281957000.0,2.325501084143866e-05,1775281957000.0,2.606277153116565e-05,1775281957000.0,4.595582140609622e-06,1775281957000.0,520.697265625,1775281957000.0,,,,,,,,,,,,,,,,,,,,,,,,,,
45,45.0,1775282077000.0,0.0573853924870491,1775282077000.0,2.4137310852268e-05,1775282077000.0,7.246240173897078e-06,1775282077000.0,-1.42781573231332e-07,1775282077000.0,521.392578125,1775282077000.0,,,,,,,,,,,,,,,,,,,,,,,,,,
46,46.0,1775282198000.0,0.0571480169892311,1775282198000.0,2.4611471019397868e-05,1775282198000.0,6.044692202777924e-06,1775282198000.0,1.5100058590178378e-06,1775282198000.0,521.408203125,1775282198000.0,,,,,,,,,,,,,,,,,,,,,,,,,,
47,47.0,1775282322000.0,0.0618761107325553,1775282322000.0,2.382944204271098e-05,1775282322000.0,8.232445825484547e-06,1775282322000.0,-3.4825588954845443e-06,1775282322000.0,521.171875,1775282322000.0,,,,,,,,,,,,,,,,,,,,,,,,,,
48,48.0,1775282704000.0,0.0576722472906112,1775282704000.0,2.4120162805729702e-05,1775282704000.0,2.821457384741266e-05,1775282704000.0,0.0,1775282704000.0,520.78125,1775282704000.0,0.68775,1775282704000.0,0.68775,1775282704000.0,0.852,1775282704000.0,0.8209679999999999,1775282704000.0,449.03125,1775282704000.0,0.1320559967368088,1775282704000.0,0.0207390910988934,1775282704000.0,449.03125,1775282704000.0,0.9625168552859292,1775282704000.0,0.0022060783743667,1775282704000.0,0.9943909189448707,1775282704000.0,64.0,1775282704000.0,0.016,1775282704000.0
49,49.0,1775282826000.0,0.0565187558531761,1775282826000.0,2.395656555265191e-05,1775282826000.0,-4.600182519354235e-07,1775282826000.0,0.0,1775282826000.0,522.44140625,1775282826000.0,,,,,,,,,,,,,,,,,,,,,,,,,,
50,50.0,1775282952000.0,0.0578622706234455,1775282952000.0,2.422417694702972e-05,1775282952000.0,-2.2145717418098343e-05,1775282952000.0,-4.600424290401861e-07,1775282952000.0,519.3828125,1775282952000.0,,,,,,,,,,,,,,,,,,,,,,,,,,
51,51.0,1775283083000.0,0.0573363974690437,1775283083000.0,2.554663197074092e-05,1775283083000.0,1.5824309259723085e-05,1775283083000.0,1.111984602175653e-07,1775283083000.0,522.08203125,1775283083000.0,,,,,,,,,,,,,,,,,,,,,,,,,,
52,52.0,1775283210000.0,0.0596600361168384,1775283210000.0,2.381892533165341e-05,1775283210000.0,4.927244245500617e-06,1775283210000.0,4.281958354113158e-06,1775283210000.0,522.05859375,1775283210000.0,,,,,,,,,,,,,,,,,,,,,,,,,,
53,53.0,1775283335000.0,0.0569047853350639,1775283335000.0,2.539262872147674e-05,1775283335000.0,-2.888303695414152e-05,1775283335000.0,-1.5907953638816252e-06,1775283335000.0,521.494140625,1775283335000.0,,,,,,,,,,,,,,,,,,,,,,,,,,
54,54.0,1775283733000.0,0.0602422170341014,1775283733000.0,2.5302596455389903e-05,1775283733000.0,-3.516421172022888e-06,1775283733000.0,1.2439531928976066e-05,1775283733000.0,522.828125,1775283733000.0,0.6915,1775283733000.0,0.6915,1775283733000.0,0.862,1775283733000.0,0.836866,1775283733000.0,473.40625,1775283733000.0,0.1825378335374473,1775283733000.0,0.0244240543930292,1775283733000.0,473.40625,1775283733000.0,0.9581842444518884,1775283733000.0,0.0021469708133966,1775283733000.0,0.9898669130613768,1775283733000.0,64.0,1775283733000.0,0.016,1775283733000.0
55,55.0,1775283860000.0,0.0578717850148677,1775283860000.0,2.5631664438918733e-05,1775283860000.0,-1.7910373682816783e-05,1775283860000.0,2.2506392269860957e-06,1775283860000.0,521.283203125,1775283860000.0,,,,,,,,,,,,,,,,,,,,,,,,,,
56,56.0,1775283987000.0,0.0618095360696315,1775283987000.0,2.4646470734523973e-05,1775283987000.0,-7.324795616270308e-06,1775283987000.0,8.410193004237954e-06,1775283987000.0,521.09765625,1775283987000.0,,,,,,,,,,,,,,,,,,,,,,,,,,
57,57.0,1775284112000.0,0.06022909283638,1775284112000.0,2.459835264545518e-05,1775284112000.0,-1.001940602296525e-05,1775284112000.0,7.930792889965232e-06,1775284112000.0,520.3125,1775284112000.0,,,,,,,,,,,,,,,,,,,,,,,,,,
58,58.0,1775284237000.0,0.0579308271408081,1775284237000.0,2.5384598895783483e-05,1775284237000.0,1.2287181154757576e-05,1775284237000.0,0.0,1775284237000.0,517.634765625,1775284237000.0,,,,,,,,,,,,,,,,,,,,,,,,,,
59,59.0,1775284372000.0,0.0577430576086044,1775284372000.0,2.3842683132713205e-05,1775284372000.0,-1.5016283823943157e-05,1775284372000.0,2.6091716790688224e-05,1775284372000.0,521.62890625,1775284372000.0,,,,,,,,,,,,,,,,,,,,,,,,,,
60,60.0,1775284779000.0,0.0609671398997306,1775284779000.0,2.518587215760704e-05,1775284779000.0,-4.228961173247114e-05,1775284779000.0,0.0,1775284779000.0,522.091796875,1775284779000.0,0.688,1775284779000.0,0.688,1775284779000.0,0.86,1775284779000.0,0.833546,1775284779000.0,474.375,1775284779000.0,0.1674706386797355,1775284779000.0,0.0235836627140974,1775284779000.0,474.375,1775284779000.0,0.9588132091818748,1775284779000.0,0.0020864539000552,1775284779000.0,0.9915169119049596,1775284779000.0,64.0,1775284779000.0,0.016,1775284779000.0
61,61.0,1775284906000.0,0.0578573085367679,1775284906000.0,2.506192911155836e-05,1775284906000.0,-2.4832831933885305e-05,1775284906000.0,2.466331352479756e-06,1775284906000.0,520.09375,1775284906000.0,,,,,,,,,,,,,,,,,,,,,,,,,,
62,62.0,1775285032000.0,0.0590473040938377,1775285032000.0,2.500716055564567e-05,1775285032000.0,-5.082970431391498e-06,1775285032000.0,0.0,1775285032000.0,520.9765625,1775285032000.0,,,,,,,,,,,,,,,,,,,,,,,,,,
63,63.0,1775285158000.0,0.0606799982488155,1775285158000.0,2.4274214020181265e-05,1775285158000.0,4.394108386751583e-05,1775285158000.0,1.1854746844619513e-05,1775285158000.0,519.912109375,1775285158000.0,,,,,,,,,,,,,,,,,,,,,,,,,,
64,64.0,1775285284000.0,0.0557736083865165,1775285284000.0,2.3189841655835156e-05,1775285284000.0,7.063904538195942e-06,1775285284000.0,0.0,1775285284000.0,516.912109375,1775285284000.0,,,,,,,,,,,,,,,,,,,,,,,,,,
65,65.0,1775285412000.0,0.0574978180229663,1775285412000.0,2.3992570557851423e-05,1775285412000.0,-1.6864121463955328e-05,1775285412000.0,4.481025825953111e-06,1775285412000.0,518.416015625,1775285412000.0,,,,,,,,,,,,,,,,,,,,,,,,,,
66,66.0,1775285806000.0,0.056662879884243,1775285806000.0,2.3877799563365443e-05,1775285806000.0,-3.911314649834852e-05,1775285806000.0,0.0,1775285806000.0,519.376953125,1775285806000.0,0.68775,1775285806000.0,0.68775,1775285806000.0,0.846,1775285806000.0,0.8220839999999999,1775285806000.0,478.125,1775285806000.0,0.1501449098774031,1775285806000.0,0.0220915032679738,1775285806000.0,478.125,1775285806000.0,0.9611138701594732,1775285806000.0,0.002048708707082,1775285806000.0,0.9931787089428872,1775285806000.0,64.0,1775285806000.0,0.016,1775285806000.0
67,67.0,1775285932000.0,0.059678815305233,1775285932000.0,2.3299737065940462e-05,1775285932000.0,-2.9734069332376656e-05,1775285932000.0,0.0,1775285932000.0,517.99609375,1775285932000.0,,,,,,,,,,,,,,,,,,,,,,,,,,
68,68.0,1775286057000.0,0.0593108646571636,1775286057000.0,2.540997834898917e-05,1775286057000.0,-8.832266020997181e-06,1775286057000.0,6.974441930651665e-07,1775286057000.0,517.884765625,1775286057000.0,,,,,,,,,,,,,,,,,,,,,,,,,,
69,69.0,1775286181000.0,0.0568857938051223,1775286181000.0,2.500304055530478e-05,1775286181000.0,-4.61218650471551e-06,1775286181000.0,-1.4184479368850589e-06,1775286181000.0,518.51171875,1775286181000.0,,,,,,,,,,,,,,,,,,,,,,,,,,
70,70.0,1775286305000.0,0.0563796572387218,1775286305000.0,2.6212578465134584e-05,1775286305000.0,-7.945047573620911e-06,1775286305000.0,-2.788170604617335e-06,1775286305000.0,519.384765625,1775286305000.0,,,,,,,,,,,,,,,,,,,,,,,,,,
71,71.0,1775286429000.0,0.0573223307728767,1775286429000.0,2.4127052750344543e-05,1775286429000.0,-8.041157597782345e-06,1775286429000.0,0.0,1775286429000.0,518.744140625,1775286429000.0,,,,,,,,,,,,,,,,,,,,,,,,,,
72,72.0,1775286829000.0,0.0574702285230159,1775286829000.0,2.4189108906114143e-05,1775286829000.0,-1.713879000853069e-05,1775286829000.0,6.995877811277751e-06,1775286829000.0,520.21484375,1775286829000.0,0.68575,1775286829000.0,0.68575,1775286829000.0,0.856,1775286829000.0,0.826226,1775286829000.0,484.796875,1775286829000.0,0.1481349551758772,1775286829000.0,0.0219163953975569,1775286829000.0,484.796875,1775286829000.0,0.961885250943703,1775286829000.0,0.0020760614231037,1775286829000.0,0.9934145939447334,1775286829000.0,64.0,1775286829000.0,0.016,1775286829000.0
73,73.0,1775286957000.0,0.0571795590221881,1775286957000.0,2.5363492248686725e-05,1775286957000.0,-2.920253793226024e-06,1775286957000.0,0.0,1775286957000.0,517.2734375,1775286957000.0,,,,,,,,,,,,,,,,,,,,,,,,,,
74,74.0,1775287082000.0,0.0577050298452377,1775287082000.0,2.7051281794143733e-05,1775287082000.0,4.199584078135032e-05,1775287082000.0,0.0,1775287082000.0,519.220703125,1775287082000.0,,,,,,,,,,,,,,,,,,,,,,,,,,
75,75.0,1775287209000.0,0.0576593689620494,1775287209000.0,2.251878984438349e-05,1775287209000.0,1.919941810024639e-05,1775287209000.0,0.0,1775287209000.0,519.68359375,1775287209000.0,,,,,,,,,,,,,,,,,,,,,,,,,,
76,76.0,1775287335000.0,0.0567195825278759,1775287335000.0,2.412404382923228e-05,1775287335000.0,4.268629457371276e-05,1775287335000.0,-7.056922186166048e-06,1775287335000.0,519.435546875,1775287335000.0,,,,,,,,,,,,,,,,,,,,,,,,,,
77,77.0,1775287462000.0,0.0573271326720714,1775287462000.0,2.3965527217839625e-05,1775287462000.0,7.147992937994729e-06,1775287462000.0,0.0,1775287462000.0,518.67578125,1775287462000.0,,,,,,,,,,,,,,,,,,,,,,,,,,
78,78.0,1775287871000.0,0.0581938438117504,1775287871000.0,2.5257362263886307e-05,1775287871000.0,1.1555135898838088e-05,1775287871000.0,0.0,1775287871000.0,520.205078125,1775287871000.0,0.688,1775287871000.0,0.688,1775287871000.0,0.86,1775287871000.0,0.832896,1775287871000.0,468.203125,1775287871000.0,0.155040273566129,1775287871000.0,0.022192557984315,1775287871000.0,468.203125,1775287871000.0,0.9614229581321436,1775287871000.0,0.0020690350531139,1775287871000.0,0.9926383902150164,1775287871000.0,64.0,1775287871000.0,0.016,1775287871000.0
79,79.0,1775287996000.0,0.057803064584732,1775287996000.0,2.391042056260062e-05,1775287996000.0,2.109965135699277e-05,1775287996000.0,0.0,1775287996000.0,516.853515625,1775287996000.0,,,,,,,,,,,,,,,,,,,,,,,,,,
80,80.0,1775288121000.0,0.0571134649217128,1775288121000.0,2.41109484946378e-05,1775288121000.0,4.4081604694490295e-05,1775288121000.0,0.0,1775288121000.0,516.953125,1775288121000.0,,,,,,,,,,,,,,,,,,,,,,,,,,
81,81.0,1775288246000.0,0.0760343894362449,1775288246000.0,2.424282516599873e-05,1775288246000.0,-1.0186161162717422e-05,1775288246000.0,1.481727940699784e-05,1775288246000.0,520.986328125,1775288246000.0,,,,,,,,,,,,,,,,,,,,,,,,,,
82,82.0,1775288373000.0,0.0641757249832153,1775288373000.0,2.2923729435575524e-05,1775288373000.0,-6.284449192150987e-07,1775288373000.0,0.0,1775288373000.0,518.91015625,1775288373000.0,,,,,,,,,,,,,,,,,,,,,,,,,,
83,83.0,1775288500000.0,0.058911882340908,1775288500000.0,2.7266929823355213e-05,1775288500000.0,7.958222029813555e-06,1775288500000.0,0.0,1775288500000.0,520.19140625,1775288500000.0,,,,,,,,,,,,,,,,,,,,,,,,,,
84,84.0,1775288905000.0,0.05818348005414,1775288905000.0,2.3924811515030345e-05,1775288905000.0,-2.1541272531400143e-05,1775288905000.0,0.0,1775288905000.0,519.078125,1775288905000.0,0.685,1775288905000.0,0.685,1775288905000.0,0.854,1775288905000.0,0.8266859999999999,1775288905000.0,474.21875,1775288905000.0,0.2038255345880298,1775288905000.0,0.0263920922570016,1775288905000.0,474.21875,1775288905000.0,0.9552336615824816,1775288905000.0,0.0021512079886981,1775288905000.0,0.9881281955473898,1775288905000.0,64.0,1775288905000.0,0.016,1775288905000.0
85,85.0,1775289034000.0,0.0582390651106834,1775289034000.0,2.3663888981673157e-05,1775289034000.0,-2.9946048144546825e-05,1775289034000.0,-3.540623447406688e-05,1775289034000.0,519.291015625,1775289034000.0,,,,,,,,,,,,,,,,,,,,,,,,,,
86,86.0,1775289161000.0,0.0619295723736286,1775289161000.0,2.4528823519887052e-05,1775289161000.0,-2.1239756513580232e-06,1775289161000.0,-1.426706148777157e-07,1775289161000.0,518.515625,1775289161000.0,,,,,,,,,,,,,,,,,,,,,,,,,,
87,87.0,1775289289000.0,0.0589570254087448,1775289289000.0,2.5110460505572973e-05,1775289289000.0,-4.934446418136673e-07,1775289289000.0,7.668075340916403e-06,1775289289000.0,518.298828125,1775289289000.0,,,,,,,,,,,,,,,,,,,,,,,,,,
88,88.0,1775289418000.0,0.0580402500927448,1775289418000.0,2.3743921794050493e-05,1775289418000.0,-2.726238182049201e-05,1775289418000.0,3.791553353948984e-06,1775289418000.0,517.083984375,1775289418000.0,,,,,,,,,,,,,,,,,,,,,,,,,,
89,89.0,1775289543000.0,0.064482107758522,1775289543000.0,2.461860047375808e-05,1775289543000.0,4.3671592480087895e-05,1775289543000.0,0.0,1775289543000.0,519.23828125,1775289543000.0,,,,,,,,,,,,,,,,,,,,,,,,,,
90,90.0,1775289957000.0,0.0752276107668876,1775289957000.0,2.3570950304474536e-05,1775289957000.0,4.503347774686972e-07,1775289957000.0,3.3341812013532035e-06,1775289957000.0,516.970703125,1775289957000.0,0.69375,1775289957000.0,0.69375,1775289957000.0,0.856,1775289957000.0,0.830676,1775289957000.0,476.0,1775289957000.0,0.1772115350771351,1775289957000.0,0.0243237920168067,1775289957000.0,476.0,1775289957000.0,0.9588539590354728,1775289957000.0,0.0021295705712361,1775289957000.0,0.9900531678640542,1775289957000.0,64.0,1775289957000.0,0.016,1775289957000.0
91,91.0,1775290085000.0,0.0565450564026832,1775290085000.0,2.302575666845996e-05,1775290085000.0,1.6394875267167208e-05,1775290085000.0,0.0,1775290085000.0,518.236328125,1775290085000.0,,,,,,,,,,,,,,,,,,,,,,,,,,
92,92.0,1775290214000.0,0.05939781665802,1775290214000.0,2.3724291722260205e-05,1775290214000.0,-3.3748081120776874e-05,1775290214000.0,3.171591743011959e-06,1775290214000.0,519.232421875,1775290214000.0,,,,,,,,,,,,,,,,,,,,,,,,,,
93,93.0,1775290342000.0,0.0572880618274211,1775290342000.0,2.451797744384976e-05,1775290342000.0,-6.61875856544647e-06,1775290342000.0,1.0663605280569756e-05,1775290342000.0,518.771484375,1775290342000.0,,,,,,,,,,,,,,,,,,,,,,,,,,
94,94.0,1775290469000.0,0.0573410391807556,1775290469000.0,2.473173496753133e-05,1775290469000.0,-7.477181441228886e-07,1775290469000.0,0.0,1775290469000.0,518.3671875,1775290469000.0,,,,,,,,,,,,,,,,,,,,,,,,,,
95,95.0,1775290595000.0,0.058806475251913,1775290595000.0,2.2644908163727e-05,1775290595000.0,-4.4804227995118295e-05,1775290595000.0,0.0,1775290595000.0,516.189453125,1775290595000.0,,,,,,,,,,,,,,,,,,,,,,,,,,
96,96.0,1775290996000.0,0.0580536238849163,1775290996000.0,2.3102791764983976e-05,1775290996000.0,5.458953579484671e-05,1775290996000.0,0.0,1775290996000.0,518.19140625,1775290996000.0,0.6935,1775290996000.0,0.6935,1775290996000.0,0.848,1775290996000.0,0.823136,1775290996000.0,468.609375,1775290996000.0,0.1502309722050729,1775290996000.0,0.0210063018905671,1775290996000.0,468.609375,1775290996000.0,0.9614537045643315,1775290996000.0,0.0021161478472266,1775290996000.0,0.9929575720250254,1775290996000.0,64.0,1775290996000.0,0.016,1775290996000.0
97,97.0,1775291123000.0,0.0591241940855979,1775291123000.0,2.3042121004124283e-05,1775291123000.0,-2.405373427372126e-05,1775291123000.0,0.0,1775291123000.0,518.76953125,1775291123000.0,,,,,,,,,,,,,,,,,,,,,,,,,,
98,98.0,1775291250000.0,0.058662511408329,1775291250000.0,2.3260287097315316e-05,1775291250000.0,-1.6871165554821488e-05,1775291250000.0,0.0,1775291250000.0,515.29296875,1775291250000.0,,,,,,,,,,,,,,,,,,,,,,,,,,
99,99.0,1775291376000.0,0.0619596131145954,1775291376000.0,2.212757641828489e-05,1775291376000.0,-1.269190076591542e-05,1775291376000.0,0.0,1775291376000.0,517.404296875,1775291376000.0,,,,,,,,,,,,,,,,,,,,,,,,,,
100,100.0,1775291505000.0,0.0632026642560958,1775291505000.0,2.439857897940101e-05,1775291505000.0,2.309054868732119e-05,1775291505000.0,0.0,1775291505000.0,518.740234375,1775291505000.0,,,,,,,,,,,,,,,,,,,,,,,,,,
101,101.0,1775291631000.0,0.0573261976242065,1775291631000.0,2.394297570162962e-05,1775291631000.0,7.300267168552921e-06,1775291631000.0,2.6836705728783272e-06,1775291631000.0,514.390625,1775291631000.0,,,,,,,,,,,,,,,,,,,,,,,,,,
102,102.0,1775292050000.0,0.0642117485404014,1775292050000.0,2.5076311107596897e-05,1775292050000.0,-2.946439134277057e-05,1775292050000.0,0.0,1775292050000.0,517.30078125,1775292050000.0,0.68325,1775292050000.0,0.68325,1775292050000.0,0.84,1775292050000.0,0.817576,1775292050000.0,488.09375,1775292050000.0,0.1318150149760047,1775292050000.0,0.0198156091939304,1775292050000.0,488.09375,1775292050000.0,0.9639749163678852,1775292050000.0,0.002072723977002,1775292050000.0,0.994511320569755,1775292050000.0,64.0,1775292050000.0,0.016,1775292050000.0
103,103.0,1775292178000.0,0.0575125738978385,1775292178000.0,2.1615269389485547e-05,1775292178000.0,-7.984594789844923e-06,1775292178000.0,-4.633291609934531e-06,1775292178000.0,518.443359375,1775292178000.0,,,,,,,,,,,,,,,,,,,,,,,,,,
104,104.0,1775292312000.0,0.065033845603466,1775292312000.0,2.318254394495511e-05,1775292312000.0,-5.57410928738733e-05,1775292312000.0,-1.8474711396265773e-06,1775292312000.0,519.296875,1775292312000.0,,,,,,,,,,,,,,,,,,,,,,,,,,
105,105.0,1775292437000.0,0.0598682016134262,1775292437000.0,2.4519744872719684e-05,1775292437000.0,-3.573041348037265e-05,1775292437000.0,0.0,1775292437000.0,516.001953125,1775292437000.0,,,,,,,,,,,,,,,,,,,,,,,,,,
106,106.0,1775292566000.0,0.0588272735476493,1775292566000.0,2.3093902242976583e-05,1775292566000.0,1.2394859675524115e-05,1775292566000.0,0.0,1775292566000.0,516.3203125,1775292566000.0,,,,,,,,,,,,,,,,,,,,,,,,,,
107,107.0,1775292697000.0,0.0724374875426292,1775292697000.0,2.4581268128542888e-05,1775292697000.0,2.386814657096004e-05,1775292697000.0,2.390762347204145e-06,1775292697000.0,515.634765625,1775292697000.0,,,,,,,,,,,,,,,,,,,,,,,,,,
108,108.0,1775293100000.0,0.0610355138778686,1775293099000.0,2.3408228475574333e-05,1775293099000.0,-1.824993191856805e-05,1775293099000.0,0.0,1775293099000.0,515.380859375,1775293100000.0,0.68925,1775293099000.0,0.68925,1775293099000.0,0.844,1775293099000.0,0.8225420000000001,1775293099000.0,466.5,1775293099000.0,0.3426405441850456,1775293100000.0,0.0405278670953912,1775293100000.0,466.5,1775293100000.0,0.9431660918944136,1775293100000.0,0.0021431295706272,1775293100000.0,0.9747331558955316,1775293100000.0,64.0,1775293100000.0,0.016,1775293100000.0
109,109.0,1775293230000.0,0.0603730157017707,1775293230000.0,2.25599454228842e-05,1775293230000.0,2.8522931282637387e-05,1775293230000.0,-5.064523975306656e-06,1775293230000.0,514.9140625,1775293230000.0,,,,,,,,,,,,,,,,,,,,,,,,,,
110,110.0,1775293359000.0,0.0608514286577701,1775293359000.0,2.356384998947192e-05,1775293359000.0,3.2313786742399486e-05,1775293359000.0,6.570834557351191e-06,1775293359000.0,516.32421875,1775293359000.0,,,,,,,,,,,,,,,,,,,,,,,,,,
111,111.0,1775293489000.0,0.0587299056351184,1775293489000.0,2.115120756940314e-05,1775293489000.0,1.1601964459373448e-05,1775293489000.0,0.0,1775293489000.0,518.021484375,1775293489000.0,,,,,,,,,,,,,,,,,,,,,,,,,,
112,112.0,1775293618000.0,0.0598891824483871,1775293618000.0,2.356688533566853e-05,1775293618000.0,-1.675035407977532e-05,1775293618000.0,-8.599245120421983e-07,1775293618000.0,517.05078125,1775293618000.0,,,,,,,,,,,,,,,,,,,,,,,,,,
113,113.0,1775293749000.0,0.0596837289631366,1775293749000.0,2.257029379748587e-05,1775293749000.0,9.189855544988744e-06,1775293749000.0,2.9514858397305943e-06,1775293749000.0,515.953125,1775293749000.0,,,,,,,,,,,,,,,,,,,,,,,,,,
114,114.0,1775294175000.0,0.0587057508528232,1775294175000.0,2.309152081814148e-05,1775294175000.0,2.9701041432739217e-05,1775294175000.0,0.0,1775294175000.0,517.73828125,1775294175000.0,0.6845,1775294175000.0,0.6845,1775294175000.0,0.84,1775294175000.0,0.8149400000000001,1775294175000.0,482.890625,1775294175000.0,0.1162367237673051,1775294175000.0,0.0191231192363695,1775294175000.0,482.890625,1775294175000.0,0.964915316460916,1775294175000.0,0.002095079647648,1775294175000.0,0.9961494252010952,1775294175000.0,64.0,1775294175000.0,0.016,1775294175000.0
115,115.0,1775294304000.0,0.0592204630374908,1775294304000.0,2.275727296918717e-05,1775294304000.0,1.3662487145182922e-05,1775294304000.0,0.0,1775294304000.0,515.537109375,1775294304000.0,,,,,,,,,,,,,,,,,,,,,,,,,,
116,116.0,1775294434000.0,0.0600385926663875,1775294434000.0,2.5301225868190613e-05,1775294434000.0,1.9337965191379425e-06,1775294434000.0,5.409359800978564e-06,1775294434000.0,518.166015625,1775294434000.0,,,,,,,,,,,,,,,,,,,,,,,,,,
117,117.0,1775294562000.0,0.0584754049777984,1775294562000.0,2.2800427892377684e-05,1775294562000.0,-3.4106250363596935e-05,1775294562000.0,0.0,1775294562000.0,517.41796875,1775294562000.0,,,,,,,,,,,,,,,,,,,,,,,,,,
118,118.0,1775294693000.0,0.0606202594935894,1775294693000.0,2.098995817334525e-05,1775294693000.0,4.534902456143282e-06,1775294693000.0,0.0,1775294693000.0,518.095703125,1775294693000.0,,,,,,,,,,,,,,,,,,,,,,,,,,
119,119.0,1775294824000.0,0.0576952882111072,1775294824000.0,2.1408444336401544e-05,1775294824000.0,-2.641860599439383e-05,1775294824000.0,0.0,1775294824000.0,518.634765625,1775294824000.0,,,,,,,,,,,,,,,,,,,,,,,,,,
120,120.0,1775295244000.0,0.0628241375088691,1775295244000.0,2.2250214303909388e-05,1775295244000.0,1.4137958838311704e-05,1775295244000.0,5.982817128824536e-06,1775295244000.0,518.501953125,1775295244000.0,0.6955,1775295244000.0,0.6955,1775295244000.0,0.844,1775295244000.0,0.8232339999999999,1775295244000.0,480.59375,1775295244000.0,0.1912154659616272,1775295244000.0,0.0275700630730216,1775295244000.0,480.59375,1775295244000.0,0.955723756621118,1775295244000.0,0.0020691054824176,1775295244000.0,0.9890288130903252,1775295244000.0,64.0,1775295244000.0,0.016,1775295244000.0
121,121.0,1775295373000.0,0.0599599741399288,1775295373000.0,2.3025360340156453e-05,1775295373000.0,1.78509127781723e-05,1775295373000.0,0.0,1775295373000.0,515.615234375,1775295373000.0,,,,,,,,,,,,,,,,,,,,,,,,,,
122,122.0,1775295499000.0,0.0642305314540863,1775295499000.0,2.1921486290210623e-05,1775295499000.0,-1.8183134420368677e-07,1775295499000.0,6.12189614912495e-06,1775295499000.0,515.787109375,1775295499000.0,,,,,,,,,,,,,,,,,,,,,,,,,,
123,123.0,1775295627000.0,0.0600216202437877,1775295627000.0,2.3116743857798383e-05,1775295627000.0,2.001545097235491e-05,1775295627000.0,0.0,1775295627000.0,517.228515625,1775295627000.0,,,,,,,,,,,,,,,,,,,,,,,,,,
124,124.0,1775295754000.0,0.0601595491170883,1775295754000.0,2.1945862147987327e-05,1775295754000.0,1.769062837730928e-05,1775295754000.0,-7.772914614179172e-07,1775295754000.0,517.4453125,1775295754000.0,,,,,,,,,,,,,,,,,,,,,,,,,,
125,125.0,1775295882000.0,0.060665238648653,1775295882000.0,2.2661196350526325e-05,1775295882000.0,3.291905314849186e-05,1775295882000.0,1.03621950984234e-05,1775295882000.0,515.125,1775295882000.0,,,,,,,,,,,,,,,,,,,,,,,,,,
126,126.0,1775296290000.0,0.0582175999879837,1775296290000.0,2.26449844848986e-05,1775296290000.0,3.854784813006607e-05,1775296290000.0,6.065447450964712e-07,1775296290000.0,513.5234375,1775296290000.0,0.68825,1775296290000.0,0.68825,1775296290000.0,0.846,1775296290000.0,0.8220439999999999,1775296290000.0,481.09375,1775296290000.0,0.1537627467632139,1775296290000.0,0.0213705748619681,1775296290000.0,481.09375,1775296290000.0,0.96127267399559,1775296290000.0,0.0020485157721148,1775296290000.0,0.9927706820967136,1775296290000.0,64.0,1775296290000.0,0.016,1775296290000.0
127,127.0,1775296420000.0,0.0593335665762424,1775296420000.0,2.268958790097031e-05,1775296420000.0,-2.474720856682211e-05,1775296420000.0,0.0,1775296420000.0,516.890625,1775296420000.0,,,,,,,,,,,,,,,,,,,,,,,,,,
128,128.0,1775296546000.0,0.0589505098760128,1775296546000.0,2.206414149874547e-05,1775296546000.0,1.825084910578312e-05,1775296546000.0,3.4450449675205164e-06,1775296546000.0,516.1875,1775296546000.0,,,,,,,,,,,,,,,,,,,,,,,,,,
129,129.0,1775296672000.0,0.0597015805542469,1775296672000.0,2.227936601428837e-05,1775296672000.0,3.0369662967988376e-05,1775296672000.0,0.0,1775296672000.0,513.65625,1775296672000.0,,,,,,,,,,,,,,,,,,,,,,,,,,
130,130.0,1775296800000.0,0.0610033012926578,1775296800000.0,2.300646659492145e-05,1775296800000.0,2.8433359771540268e-05,1775296800000.0,0.0,1775296800000.0,514.224609375,1775296800000.0,,,,,,,,,,,,,,,,,,,,,,,,,,
131,131.0,1775296926000.0,0.060514610260725,1775296926000.0,2.3089323864411423e-05,1775296926000.0,-1.8308127049948557e-06,1775296926000.0,0.0,1775296926000.0,516.294921875,1775296926000.0,,,,,,,,,,,,,,,,,,,,,,,,,,
132,132.0,1775297331000.0,0.0630086511373519,1775297330000.0,2.582845201715145e-05,1775297330000.0,-2.4434876211731904e-05,1775297330000.0,2.007694183703279e-05,1775297330000.0,515.796875,1775297331000.0,0.68675,1775297330000.0,0.68675,1775297330000.0,0.848,1775297330000.0,0.8238000000000001,1775297330000.0,488.859375,1775297330000.0,0.3008283218304293,1775297330000.0,0.0405280148304407,1775297330000.0,488.859375,1775297330000.0,0.943503894806518,1775297330000.0,0.0020194011233006,1775297330000.0,0.9780578003651488,1775297330000.0,64.0,1775297330000.0,0.016,1775297330000.0
133,133.0,1775297458000.0,0.0608353652060031,1775297458000.0,2.256928614485787e-05,1775297458000.0,-1.175135755282497e-05,1775297458000.0,-6.61518242850434e-07,1775297458000.0,513.08984375,1775297458000.0,,,,,,,,,,,,,,,,,,,,,,,,,,
134,134.0,1775297586000.0,0.0599627904593944,1775297586000.0,2.3605081072020084e-05,1775297586000.0,-9.692865617916269e-06,1775297586000.0,0.0,1775297586000.0,513.86328125,1775297586000.0,,,,,,,,,,,,,,,,,,,,,,,,,,
135,135.0,1775297714000.0,0.0610354356467723,1775297714000.0,2.551150535623492e-05,1775297714000.0,3.670050882131903e-05,1775297714000.0,0.0,1775297714000.0,514.701171875,1775297714000.0,,,,,,,,,,,,,,,,,,,,,,,,,,
136,136.0,1775297842000.0,0.0611127577722072,1775297842000.0,2.411528668133656e-05,1775297842000.0,2.3589950636448972e-05,1775297842000.0,0.0,1775297842000.0,516.0625,1775297842000.0,,,,,,,,,,,,,,,,,,,,,,,,,,
137,137.0,1775297969000.0,0.0611733086407184,1775297969000.0,2.5197221766859457e-05,1775297969000.0,3.511743140371948e-05,1775297969000.0,0.0,1775297969000.0,513.388671875,1775297969000.0,,,,,,,,,,,,,,,,,,,,,,,,,,
138,138.0,1775298370000.0,0.0586925223469734,1775298370000.0,2.516950551978425e-05,1775298370000.0,-8.94313649180134e-06,1775298370000.0,9.520535968476906e-07,1775298370000.0,513.330078125,1775298370000.0,0.68225,1775298370000.0,0.68225,1775298370000.0,0.848,1775298370000.0,0.825038,1775298370000.0,473.234375,1775298370000.0,0.1917875004447604,1775298370000.0,0.0258856935318783,1775298370000.0,473.234375,1775298370000.0,0.9564952144382864,1775298370000.0,0.0020908943222178,1775298370000.0,0.988744633130164,1775298370000.0,64.0,1775298370000.0,0.016,1775298370000.0
139,139.0,1775298498000.0,0.0609937496483325,1775298498000.0,2.523580194946362e-05,1775298498000.0,3.438745131045806e-05,1775298498000.0,0.0,1775298498000.0,514.177734375,1775298498000.0,,,,,,,,,,,,,,,,,,,,,,,,,,
140,140.0,1775298624000.0,0.0750358402729034,1775298624000.0,2.5094871688224885e-05,1775298624000.0,-3.1449740410582905e-05,1775298624000.0,1.2578429959830828e-06,1775298624000.0,513.71875,1775298624000.0,,,,,,,,,,,,,,,,,,,,,,,,,,
141,141.0,1775298750000.0,0.0608981810510158,1775298750000.0,2.4673418597132013e-05,1775298750000.0,4.307989535767831e-06,1775298750000.0,-1.7740330804372206e-06,1775298750000.0,513.05859375,1775298750000.0,,,,,,,,,,,,,,,,,,,,,,,,,,
142,142.0,1775298877000.0,0.0614280365407466,1775298877000.0,2.52955573607494e-05,1775298877000.0,4.733656290500932e-06,1775298877000.0,0.0,1775298877000.0,516.677734375,1775298877000.0,,,,,,,,,,,,,,,,,,,,,,,,,,
143,143.0,1775299004000.0,0.0597422458231449,1775299004000.0,2.57187212362453e-05,1775299004000.0,-1.159624092528233e-05,1775299004000.0,0.0,1775299004000.0,515.369140625,1775299004000.0,,,,,,,,,,,,,,,,,,,,,,,,,,
144,144.0,1775299408000.0,0.0612907521426677,1775299408000.0,2.7058335373197903e-05,1775299408000.0,-5.606301155758331e-06,1775299408000.0,0.0,1775299408000.0,514.736328125,1775299408000.0,0.69375,1775299408000.0,0.69375,1775299408000.0,0.858,1775299408000.0,0.8297599999999999,1775299408000.0,477.890625,1775299408000.0,0.5771466847473214,1775299408000.0,0.0656204021579205,1775299408000.0,477.890625,1775299408000.0,0.918982416027918,1775299408000.0,0.0021300367130374,1775299408000.0,0.9509326774543536,1775299408000.0,64.0,1775299408000.0,0.016,1775299408000.0
145,145.0,1775299536000.0,0.060795422643423,1775299536000.0,2.5907042747519423e-05,1775299536000.0,-7.895956570691531e-06,1775299536000.0,0.0,1775299536000.0,511.466796875,1775299536000.0,,,,,,,,,,,,,,,,,,,,,,,,,,
146,146.0,1775299664000.0,0.0608324594795703,1775299664000.0,2.6164496507163904e-05,1775299664000.0,1.9089628833235395e-05,1775299664000.0,5.065765435574576e-06,1775299664000.0,515.44921875,1775299664000.0,,,,,,,,,,,,,,,,,,,,,,,,,,
147,147.0,1775299792000.0,0.0607850775122642,1775299792000.0,2.670961979944764e-05,1775299792000.0,-2.990641570665975e-06,1775299792000.0,0.0,1775299792000.0,513.625,1775299792000.0,,,,,,,,,,,,,,,,,,,,,,,,,,
148,148.0,1775299919000.0,0.0603524856269359,1775299919000.0,2.735559499811302e-05,1775299919000.0,-2.1145589869320247e-05,1775299919000.0,0.0,1775299919000.0,513.953125,1775299919000.0,,,,,,,,,,,,,,,,,,,,,,,,,,
149,149.0,1775300045000.0,0.0636666566133499,1775300045000.0,2.6336847644969907e-05,1775300045000.0,-3.1272963126660613e-05,1775300045000.0,-3.137574822176248e-07,1775300045000.0,510.958984375,1775300045000.0,,,,,,,,,,,,,,,,,,,,,,,,,,
150,150.0,1775300455000.0,0.060988251119852,1775300454000.0,2.811549197900831e-05,1775300454000.0,-1.6142477938796418e-06,1775300454000.0,-2.59262105828384e-06,1775300454000.0,513.353515625,1775300455000.0,0.692,1775300454000.0,0.692,1775300454000.0,0.856,1775300454000.0,0.8278599999999999,1775300454000.0,471.25,1775300454000.0,0.1313867276796295,1775300455000.0,0.0195623342175066,1775300455000.0,471.25,1775300454000.0,0.9635849692144824,1775300455000.0,0.0021219587165971,1775300455000.0,0.9948594566365452,1775300455000.0,64.0,1775300454000.0,0.016,1775300454000.0
151,151.0,1775300581000.0,0.061840496957302,1775300581000.0,2.66769558514568e-05,1775300581000.0,-1.4156555916855496e-05,1775300581000.0,0.0,1775300581000.0,515.796875,1775300581000.0,,,,,,,,,,,,,,,,,,,,,,,,,,
152,152.0,1775300715000.0,0.0608592368662357,1775300715000.0,2.72080666334773e-05,1775300715000.0,2.261704757167137e-05,1775300715000.0,-7.053827175695915e-06,1775300715000.0,515.68359375,1775300715000.0,,,,,,,,,,,,,,,,,,,,,,,,,,
153,153.0,1775300841000.0,0.0613589212298393,1775300841000.0,2.7398218094276672e-05,1775300841000.0,9.704809089905451e-06,1775300841000.0,0.0,1775300841000.0,511.697265625,1775300841000.0,,,,,,,,,,,,,,,,,,,,,,,,,,
154,154.0,1775300968000.0,0.0614457577466964,1775300968000.0,2.734807779702919e-05,1775300968000.0,-1.992656823923689e-05,1775300968000.0,0.0,1775300968000.0,511.494140625,1775300968000.0,,,,,,,,,,,,,,,,,,,,,,,,,,
155,155.0,1775301094000.0,0.0614317171275615,1775301094000.0,2.644526274409031e-05,1775301094000.0,-2.957535120629018e-05,1775301094000.0,0.0,1775301094000.0,510.828125,1775301094000.0,,,,,,,,,,,,,,,,,,,,,,,,,,
156,156.0,1775301511000.0,0.0603261105716228,1775301511000.0,2.763318871856768e-05,1775301511000.0,1.7344211684637567e-05,1775301511000.0,-1.2888712262792978e-05,1775301511000.0,513.61328125,1775301511000.0,0.68925,1775301511000.0,0.68925,1775301511000.0,0.846,1775301511000.0,0.822404,1775301511000.0,476.25,1775301511000.0,0.2354981476240583,1775301511000.0,0.0293307086614173,1775301511000.0,476.25,1775301511000.0,0.9527165370350434,1775301511000.0,0.0020750578717766,1775301511000.0,0.985146573084233,1775301511000.0,64.0,1775301511000.0,0.016,1775301511000.0
157,157.0,1775301644000.0,0.0632190853357315,1775301644000.0,2.7780297951807142e-05,1775301644000.0,-3.9298188452052685e-05,1775301644000.0,0.0,1775301644000.0,514.791015625,1775301644000.0,,,,,,,,,,,,,,,,,,,,,,,,,,
158,158.0,1775301776000.0,0.0614652186632156,1775301776000.0,2.6536812015365285e-05,1775301776000.0,-3.3809208679791425e-05,1775301776000.0,0.0,1775301776000.0,515.423828125,1775301776000.0,,,,,,,,,,,,,,,,,,,,,,,,,,
159,159.0,1775301907000.0,0.0632523819804191,1775301907000.0,2.7055791850472133e-05,1775301907000.0,-2.3105066133233265e-05,1775301907000.0,-1.939188223332167e-07,1775301907000.0,511.529296875,1775301907000.0,,,,,,,,,,,,,,,,,,,,,,,,,,
160,160.0,1775302039000.0,0.0622460022568702,1775302039000.0,2.9310923206793404e-05,1775302039000.0,1.1170351430306312e-05,1775302039000.0,0.0,1775302039000.0,514.55078125,1775302039000.0,,,,,,,,,,,,,,,,,,,,,,,,,,
161,161.0,1775302169000.0,0.0618281513452529,1775302169000.0,2.763906269009908e-05,1775302169000.0,-5.619804098655479e-05,1775302169000.0,0.0,1775302169000.0,514.623046875,1775302170000.0,,,,,,,,,,,,,,,,,,,,,,,,,,
162,162.0,1775302585000.0,0.0619927458465099,1775302585000.0,2.786573730872988e-05,1775302585000.0,2.721922216530892e-05,1775302585000.0,-8.386302397411782e-06,1775302585000.0,511.498046875,1775302585000.0,0.6995,1775302585000.0,0.6995,1775302585000.0,0.852,1775302585000.0,0.8299079999999999,1775302585000.0,475.203125,1775302585000.0,0.1232337732785111,1775302585000.0,0.0180843718146845,1775302585000.0,475.203125,1775302585000.0,0.9643114082628176,1775302585000.0,0.0021191201257685,1775302585000.0,0.995654635736215,1775302585000.0,64.0,1775302585000.0,0.016,1775302585000.0
163,163.0,1775302715000.0,0.0627369210124015,1775302715000.0,3.034909277843667e-05,1775302715000.0,1.1132915586742342e-05,1775302715000.0,2.097354808938689e-06,1775302715000.0,513.09765625,1775302715000.0,,,,,,,,,,,,,,,,,,,,,,,,,,
164,164.0,1775302844000.0,0.0606397502124309,1775302844000.0,2.816954221884771e-05,1775302844000.0,-2.508340192974856e-05,1775302844000.0,0.0,1775302844000.0,512.783203125,1775302844000.0,,,,,,,,,,,,,,,,,,,,,,,,,,
165,165.0,1775302973000.0,0.0619499310851097,1775302973000.0,2.9887777579062916e-05,1775302973000.0,2.858269254213397e-05,1775302973000.0,0.0,1775302973000.0,513.15625,1775302973000.0,,,,,,,,,,,,,,,,,,,,,,,,,,
166,166.0,1775303101000.0,0.061718501150608,1775303101000.0,2.912563626011888e-05,1775303101000.0,-2.4242955782682877e-05,1775303101000.0,0.0,1775303101000.0,513.646484375,1775303101000.0,,,,,,,,,,,,,,,,,,,,,,,,,,
167,167.0,1775303230000.0,0.0611349456012249,1775303230000.0,2.845647621896319e-05,1775303230000.0,1.1629200815654883e-06,1775303230000.0,0.0,1775303230000.0,513.9609375,1775303230000.0,,,,,,,,,,,,,,,,,,,,,,,,,,
168,168.0,1775303647000.0,0.0618933141231536,1775303647000.0,2.858674458749988e-05,1775303647000.0,1.5075559623767276e-05,1775303647000.0,0.0,1775303647000.0,514.34765625,1775303647000.0,0.68825,1775303647000.0,0.68825,1775303647000.0,0.852,1775303647000.0,0.826874,1775303647000.0,470.4375,1775303647000.0,0.1095687497639317,1775303647000.0,0.0167065231832071,1775303647000.0,470.4375,1775303647000.0,0.9656739400268408,1775303647000.0,0.0021184599936459,1775303647000.0,0.99691621028555,1775303647000.0,64.0,1775303647000.0,0.016,1775303647000.0
169,169.0,1775303777000.0,0.0609189793467521,1775303777000.0,3.011315498824274e-05,1775303777000.0,1.1453212845236038e-05,1775303777000.0,-5.499931830854621e-06,1775303777000.0,513.119140625,1775303777000.0,,,,,,,,,,,,,,,,,,,,,,,,,,
170,170.0,1775303906000.0,0.0611161440610885,1775303906000.0,2.8718053886933603e-05,1775303906000.0,-3.5106467614287595e-05,1775303906000.0,0.0,1775303906000.0,511.296875,1775303906000.0,,,,,,,,,,,,,,,,,,,,,,,,,,
171,171.0,1775304037000.0,0.0617350786924362,1775304037000.0,2.936748575166348e-05,1775304037000.0,-1.8611783795918768e-05,1775304037000.0,0.0,1775304037000.0,514.787109375,1775304037000.0,,,,,,,,,,,,,,,,,,,,,,,,,,
172,172.0,1775304167000.0,0.062194999307394,1775304167000.0,2.921522427357104e-05,1775304167000.0,-1.4962425593734174e-05,1775304167000.0,0.0,1775304167000.0,516.59375,1775304167000.0,,,,,,,,,,,,,,,,,,,,,,,,,,
173,173.0,1775304298000.0,0.0630636140704155,1775304298000.0,2.88906119578769e-05,1775304298000.0,9.696817908189104e-06,1775304298000.0,0.0,1775304298000.0,513.51953125,1775304298000.0,,,,,,,,,,,,,,,,,,,,,,,,,,
174,174.0,1775304720000.0,0.0633451342582702,1775304720000.0,3.0060218108474143e-05,1775304720000.0,6.378402105333691e-05,1775304720000.0,0.0,1775304720000.0,511.671875,1775304720000.0,0.687,1775304720000.0,0.687,1775304720000.0,0.846,1775304720000.0,0.8209879999999999,1775304720000.0,462.71875,1775304720000.0,0.1281077336063824,1775304720000.0,0.0203619909502262,1775304720000.0,462.71875,1775304720000.0,0.9627966376813636,1775304720000.0,0.0021501315564285,1775304720000.0,0.9950831486628606,1775304720000.0,64.0,1775304720000.0,0.016,1775304720000.0
175,175.0,1775304850000.0,0.0640672296285629,1775304850000.0,2.905797058261328e-05,1775304850000.0,-1.859288305494644e-05,1775304850000.0,0.0,1775304850000.0,513.32421875,1775304850000.0,,,,,,,,,,,,,,,,,,,,,,,,,,
176,176.0,1775304978000.0,0.0626820251345634,1775304978000.0,3.0423242133537087e-05,1775304978000.0,-2.12540853872234e-05,1775304978000.0,3.905261110048741e-07,1775304978000.0,515.470703125,1775304978000.0,,,,,,,,,,,,,,,,,,,,,,,,,,
177,177.0,1775305106000.0,0.0614299364387989,1775305106000.0,2.8477589093967023e-05,1775305106000.0,3.266616660724253e-06,1775305106000.0,0.0,1775305106000.0,513.955078125,1775305106000.0,,,,,,,,,,,,,,,,,,,,,,,,,,
178,178.0,1775305237000.0,0.0679420530796051,1775305237000.0,2.968279013515485e-05,1775305237000.0,-3.946067880900017e-05,1775305237000.0,0.0,1775305237000.0,513.45703125,1775305237000.0,,,,,,,,,,,,,,,,,,,,,,,,,,
179,179.0,1775305365000.0,0.0631389245390892,1775305365000.0,3.06703781554063e-05,1775305365000.0,-6.418722555245893e-06,1775305365000.0,0.0,1775305365000.0,512.732421875,1775305365000.0,,,,,,,,,,,,,,,,,,,,,,,,,,
180,180.0,1775305839000.0,0.0624950379133224,1775305839000.0,2.8629280219405476e-05,1775305839000.0,2.1744814021396053e-05,1775305839000.0,0.0,1775305839000.0,515.9921875,1775305839000.0,0.68725,1775305839000.0,0.68725,1775305839000.0,0.858,1775305839000.0,0.829674,1775305839000.0,470.34375,1775305839000.0,0.1564239397784592,1775305839000.0,0.0217593515381037,1775305839000.0,470.34375,1775305839000.0,0.9613121001793772,1775305839000.0,0.0021119721525412,1775305839000.0,0.9925237808597578,1775305839000.0,64.0,1775305839000.0,0.016,1775305839000.0
