formal_label,run_name,run_id,step,training_global_step,actor_entropy,actor_kl_loss,actor_ppo_kl,actor_pg_loss,train_response_length_mean,val_reward_mean,val_reward_pass1,val_aux_response_length_mean,val_token_entropy_mean,val_low_confidence_ratio,val_token_response_length_mean,val_top1_prob_mean,val_eos_prob_mean,val_topk_mass_mean,val_analyzed_samples,val_analyzed_sample_fraction
Base small-group ablation (n=1),base_c_n1_group_ablation_rerun180_2gpu_restart_20260405_213719,wr5lx7fw6wf99u6o9h4m0,0,,,,,,,0.358,0.358,755.484375,0.752485174479,0.1236375669582842,755.484375,0.8403076832155065,0.0010967496038245,0.9392367936135304,64.0,0.128
Base small-group ablation (n=1),base_c_n1_group_ablation_rerun180_2gpu_restart_20260405_213719,wr5lx7fw6wf99u6o9h4m0,1,1.0,0.335877001285553,2.225526208121664e-05,0.0001406388067834,-17.510244369506836,648.140625,,,,,,,,,,,
Base small-group ablation (n=1),base_c_n1_group_ablation_rerun180_2gpu_restart_20260405_213719,wr5lx7fw6wf99u6o9h4m0,2,2.0,0.3830341696739197,2.4815821575430164e-05,-5.99309330482356e-05,-39.84183883666992,738.359375,,,,,,,,,,,
Base small-group ablation (n=1),base_c_n1_group_ablation_rerun180_2gpu_restart_20260405_213719,wr5lx7fw6wf99u6o9h4m0,3,3.0,0.4645488858222961,2.957209767373569e-05,4.4359794685533416e-05,-11.744335174560549,711.828125,,,,,,,,,,,
Base small-group ablation (n=1),base_c_n1_group_ablation_rerun180_2gpu_restart_20260405_213719,wr5lx7fw6wf99u6o9h4m0,4,4.0,0.3695918321609497,2.410373355132833e-05,-7.008644413364351e-05,-23.261662006378177,730.984375,,,,,,,,,,,
Base small-group ablation (n=1),base_c_n1_group_ablation_rerun180_2gpu_restart_20260405_213719,wr5lx7fw6wf99u6o9h4m0,5,5.0,0.3155423700809479,3.0220203257158573e-05,-1.9841026755784696e-05,-16.675543785095215,634.0625,,,,,,,,,,,
Base small-group ablation (n=1),base_c_n1_group_ablation_rerun180_2gpu_restart_20260405_213719,wr5lx7fw6wf99u6o9h4m0,6,6.0,0.4319989681243897,3.280360215285327e-05,-0.0001460572688642,-20.883602142333984,653.53125,0.39,0.39,641.859375,0.4705489081159858,0.089997322232771,641.859375,0.8725604007607376,0.0014994742224595,0.9690397104660616,64.0,0.128
Base small-group ablation (n=1),base_c_n1_group_ablation_rerun180_2gpu_restart_20260405_213719,wr5lx7fw6wf99u6o9h4m0,7,7.0,0.3891682028770447,3.5429915783424804e-05,4.573060948587226e-05,-14.41759204864502,729.21875,,,,,,,,,,,
Base small-group ablation (n=1),base_c_n1_group_ablation_rerun180_2gpu_restart_20260405_213719,wr5lx7fw6wf99u6o9h4m0,8,8.0,0.3007030785083771,4.062424125095277e-05,0.0001239799466929,-33.38357877731323,664.578125,,,,,,,,,,,
Base small-group ablation (n=1),base_c_n1_group_ablation_rerun180_2gpu_restart_20260405_213719,wr5lx7fw6wf99u6o9h4m0,9,9.0,0.4356431663036346,5.514568283615517e-05,1.2780916165411329e-06,-39.270291328430176,671.203125,,,,,,,,,,,
Base small-group ablation (n=1),base_c_n1_group_ablation_rerun180_2gpu_restart_20260405_213719,wr5lx7fw6wf99u6o9h4m0,10,10.0,0.2961112260818481,8.118904588627629e-05,0.0001550464905903,-42.62492775917053,679.96875,,,,,,,,,,,
Base small-group ablation (n=1),base_c_n1_group_ablation_rerun180_2gpu_restart_20260405_213719,wr5lx7fw6wf99u6o9h4m0,11,11.0,0.2785292267799377,6.864032184239477e-05,0.0001077626560572,-49.83008527755737,702.9375,,,,,,,,,,,
Base small-group ablation (n=1),base_c_n1_group_ablation_rerun180_2gpu_restart_20260405_213719,wr5lx7fw6wf99u6o9h4m0,12,12.0,0.3978610038757324,7.304851851586136e-05,-0.0001043393676809,-63.0640025138855,680.140625,0.362,0.362,717.484375,0.4842079830682663,0.0878939001284871,717.484375,0.877122410778987,0.0012015508253887,0.9661270871327836,64.0,0.128
Base small-group ablation (n=1),base_c_n1_group_ablation_rerun180_2gpu_restart_20260405_213719,wr5lx7fw6wf99u6o9h4m0,13,13.0,0.3315432071685791,7.7403399927789e-05,-8.769066765523803e-05,-9.792201042175291,796.34375,,,,,,,,,,,
Base small-group ablation (n=1),base_c_n1_group_ablation_rerun180_2gpu_restart_20260405_213719,wr5lx7fw6wf99u6o9h4m0,14,14.0,0.3025350570678711,6.542086953231774e-05,-1.9266808010343084e-05,-54.80018043518066,738.09375,,,,,,,,,,,
Base small-group ablation (n=1),base_c_n1_group_ablation_rerun180_2gpu_restart_20260405_213719,wr5lx7fw6wf99u6o9h4m0,15,15.0,0.3482323586940765,9.83605723376968e-05,-1.7366871816193452e-06,-37.75952959060669,610.28125,,,,,,,,,,,
Base small-group ablation (n=1),base_c_n1_group_ablation_rerun180_2gpu_restart_20260405_213719,wr5lx7fw6wf99u6o9h4m0,16,16.0,0.2986330389976501,0.000160920395956,0.000111183062927,-51.048216581344604,678.984375,,,,,,,,,,,
Base small-group ablation (n=1),base_c_n1_group_ablation_rerun180_2gpu_restart_20260405_213719,wr5lx7fw6wf99u6o9h4m0,17,17.0,0.3513293862342834,0.0001349191866211,-1.0685134839150123e-06,-35.12920379638672,726.71875,,,,,,,,,,,
Base small-group ablation (n=1),base_c_n1_group_ablation_rerun180_2gpu_restart_20260405_213719,wr5lx7fw6wf99u6o9h4m0,18,18.0,0.3227576315402984,0.0001429624235242,-0.0001925331162055,-76.23232531547546,764.90625,0.406,0.406,722.453125,0.4982398721610092,0.0912905249042974,722.453125,0.8674530901370439,0.0011290631055944,0.9661456696582938,64.0,0.128
Base small-group ablation (n=1),base_c_n1_group_ablation_rerun180_2gpu_restart_20260405_213719,wr5lx7fw6wf99u6o9h4m0,19,19.0,0.2510409355163574,0.0001912769484988,0.0001184538241432,-53.711602210998535,716.0625,,,,,,,,,,,
Base small-group ablation (n=1),base_c_n1_group_ablation_rerun180_2gpu_restart_20260405_213719,wr5lx7fw6wf99u6o9h4m0,20,20.0,0.3031893074512481,0.0002815141547216,0.0002322666109648,-46.47698473930359,657.90625,,,,,,,,,,,
Base small-group ablation (n=1),base_c_n1_group_ablation_rerun180_2gpu_restart_20260405_213719,wr5lx7fw6wf99u6o9h4m0,21,21.0,0.3139682412147522,0.0002492665262252,-5.871331040907535e-05,-68.01893162727356,682.890625,,,,,,,,,,,
Base small-group ablation (n=1),base_c_n1_group_ablation_rerun180_2gpu_restart_20260405_213719,wr5lx7fw6wf99u6o9h4m0,22,22.0,0.2737869620323181,0.0002641325540935,-4.6316880343511e-05,-66.57417583465576,604.78125,,,,,,,,,,,
Base small-group ablation (n=1),base_c_n1_group_ablation_rerun180_2gpu_restart_20260405_213719,wr5lx7fw6wf99u6o9h4m0,23,23.0,0.3339662253856659,0.0002201922543463,-0.0002106217038999,-70.40666103363037,734.5625,,,,,,,,,,,
Base small-group ablation (n=1),base_c_n1_group_ablation_rerun180_2gpu_restart_20260405_213719,wr5lx7fw6wf99u6o9h4m0,24,24.0,0.4552841186523437,0.0003454429938756,-8.636067241241108e-05,-36.82379627227783,769.0,0.414,0.414,635.71875,0.4933499015257175,0.0900063904045617,635.71875,0.8724249895241434,0.0015835503325194,0.9662544142852424,64.0,0.128
Base small-group ablation (n=1),base_c_n1_group_ablation_rerun180_2gpu_restart_20260405_213719,wr5lx7fw6wf99u6o9h4m0,25,25.0,0.2548577189445495,0.0002687551586859,-0.0001655521459724,-90.45414638519289,696.765625,,,,,,,,,,,
Base small-group ablation (n=1),base_c_n1_group_ablation_rerun180_2gpu_restart_20260405_213719,wr5lx7fw6wf99u6o9h4m0,26,26.0,0.3118935227394104,0.0003150873626509,-0.0001481135404901,-79.69416356086731,729.140625,,,,,,,,,,,
Base small-group ablation (n=1),base_c_n1_group_ablation_rerun180_2gpu_restart_20260405_213719,wr5lx7fw6wf99u6o9h4m0,27,27.0,0.3026589453220367,0.0003652944878922,4.172915384970111e-05,-102.8050012588501,712.515625,,,,,,,,,,,
Base small-group ablation (n=1),base_c_n1_group_ablation_rerun180_2gpu_restart_20260405_213719,wr5lx7fw6wf99u6o9h4m0,28,28.0,0.228617176413536,0.0005989474448142,-2.9320538033061897e-05,-101.88260126113892,662.0625,,,,,,,,,,,
Base small-group ablation (n=1),base_c_n1_group_ablation_rerun180_2gpu_restart_20260405_213719,wr5lx7fw6wf99u6o9h4m0,29,29.0,0.4142099022865295,0.0004188364118817,-0.0001336731591408,-89.89216351509094,703.578125,,,,,,,,,,,
Base small-group ablation (n=1),base_c_n1_group_ablation_rerun180_2gpu_restart_20260405_213719,wr5lx7fw6wf99u6o9h4m0,30,30.0,0.2122581899166107,0.0004800337487722,6.655903871433111e-05,-82.19309091567993,639.6875,0.45,0.45,757.625,0.8177097077771709,0.1316614420062696,757.625,0.8382501540807898,0.0011693830810065,0.9287345491606612,64.0,0.128
Base small-group ablation (n=1),base_c_n1_group_ablation_rerun180_2gpu_restart_20260405_213719,wr5lx7fw6wf99u6o9h4m0,31,31.0,0.2181751877069473,0.0004899593222944,7.000426194281317e-05,-120.72083520889282,635.34375,,,,,,,,,,,
Base small-group ablation (n=1),base_c_n1_group_ablation_rerun180_2gpu_restart_20260405_213719,wr5lx7fw6wf99u6o9h4m0,32,32.0,0.2300547361373901,0.0005816870270791,3.588753770600306e-06,-138.96535968780518,671.4375,,,,,,,,,,,
Base small-group ablation (n=1),base_c_n1_group_ablation_rerun180_2gpu_restart_20260405_213719,wr5lx7fw6wf99u6o9h4m0,33,33.0,0.1946632117033004,0.0007278734074134,0.0003140850883482,-142.4532597064972,596.15625,,,,,,,,,,,
Base small-group ablation (n=1),base_c_n1_group_ablation_rerun180_2gpu_restart_20260405_213719,wr5lx7fw6wf99u6o9h4m0,34,34.0,0.2232601046562194,0.0006266941809371,-5.612489803752396e-05,-136.40365552902222,729.515625,,,,,,,,,,,
Base small-group ablation (n=1),base_c_n1_group_ablation_rerun180_2gpu_restart_20260405_213719,wr5lx7fw6wf99u6o9h4m0,35,35.0,0.3002408742904663,0.000860681207996,-0.0001127030884617,-118.62020683288574,597.015625,,,,,,,,,,,
Base small-group ablation (n=1),base_c_n1_group_ablation_rerun180_2gpu_restart_20260405_213719,wr5lx7fw6wf99u6o9h4m0,36,36.0,0.1926198750734329,0.0006815321594331,-1.9684752828652563e-05,-161.67204809188843,630.5625,0.47,0.47,599.78125,0.2870637053640391,0.0552545198770385,599.78125,0.907877016780537,0.0015638834774015,0.9879035971570038,64.0,0.128
Base small-group ablation (n=1),base_c_n1_group_ablation_rerun180_2gpu_restart_20260405_213719,wr5lx7fw6wf99u6o9h4m0,37,37.0,0.3095183074474334,0.0006383892632584,-5.647634588967776e-05,-118.09939074516296,694.546875,,,,,,,,,,,
Base small-group ablation (n=1),base_c_n1_group_ablation_rerun180_2gpu_restart_20260405_213719,wr5lx7fw6wf99u6o9h4m0,38,38.0,0.2284274697303772,0.0009279778178097,0.0001819257576585,-145.5955741405487,679.953125,,,,,,,,,,,
Base small-group ablation (n=1),base_c_n1_group_ablation_rerun180_2gpu_restart_20260405_213719,wr5lx7fw6wf99u6o9h4m0,39,39.0,0.1855125725269317,0.0006745150922142,-9.503283035883214e-05,-194.20864129066467,615.546875,,,,,,,,,,,
Base small-group ablation (n=1),base_c_n1_group_ablation_rerun180_2gpu_restart_20260405_213719,wr5lx7fw6wf99u6o9h4m0,40,40.0,0.1758908182382583,0.0008675996687088,0.0002348147735347,-145.74066710472107,630.546875,,,,,,,,,,,
Base small-group ablation (n=1),base_c_n1_group_ablation_rerun180_2gpu_restart_20260405_213719,wr5lx7fw6wf99u6o9h4m0,41,41.0,0.2307638525962829,0.0008133353403536,0.0001455936521779,-129.69791436195374,675.796875,,,,,,,,,,,
Base small-group ablation (n=1),base_c_n1_group_ablation_rerun180_2gpu_restart_20260405_213719,wr5lx7fw6wf99u6o9h4m0,42,42.0,0.1814386695623397,0.0009643697521823,-4.229184810355946e-05,-165.65535020828247,692.421875,0.486,0.486,550.359375,0.3611662559031668,0.0675127047667717,550.359375,0.8955830710847282,0.0017646993979748,0.9792004664244848,64.0,0.128
Base small-group ablation (n=1),base_c_n1_group_ablation_rerun180_2gpu_restart_20260405_213719,wr5lx7fw6wf99u6o9h4m0,43,43.0,0.2233384251594543,0.0010806116406456,-1.1205546002202029e-05,-142.96996545791626,640.140625,,,,,,,,,,,
Base small-group ablation (n=1),base_c_n1_group_ablation_rerun180_2gpu_restart_20260405_213719,wr5lx7fw6wf99u6o9h4m0,44,44.0,0.2000148147344589,0.0009663617438491,-4.117986463825218e-05,-152.2875714302063,635.984375,,,,,,,,,,,
Base small-group ablation (n=1),base_c_n1_group_ablation_rerun180_2gpu_restart_20260405_213719,wr5lx7fw6wf99u6o9h4m0,45,45.0,0.1763047873973846,0.0009504728495812,-1.8676846593734808e-05,-204.1209127902985,585.78125,,,,,,,,,,,
Base small-group ablation (n=1),base_c_n1_group_ablation_rerun180_2gpu_restart_20260405_213719,wr5lx7fw6wf99u6o9h4m0,46,46.0,0.1478623896837234,0.0009020363249874,2.2265927782427752e-05,-206.53623723983765,605.171875,,,,,,,,,,,
Base small-group ablation (n=1),base_c_n1_group_ablation_rerun180_2gpu_restart_20260405_213719,wr5lx7fw6wf99u6o9h4m0,47,47.0,0.1673717200756073,0.0011168647670274,7.330660264415201e-05,-192.92393851280207,598.65625,,,,,,,,,,,
Base small-group ablation (n=1),base_c_n1_group_ablation_rerun180_2gpu_restart_20260405_213719,wr5lx7fw6wf99u6o9h4m0,48,48.0,0.17143315076828,0.0010668971408449,9.04203357094957e-05,-190.1186170578003,624.578125,0.486,0.486,690.015625,0.3222259433720683,0.0642648490749756,690.015625,0.8987243006900532,0.0013746651735848,0.983974488661915,64.0,0.128
Base small-group ablation (n=1),base_c_n1_group_ablation_rerun180_2gpu_restart_20260405_213719,wr5lx7fw6wf99u6o9h4m0,49,49.0,0.1638947427272796,0.0013671413380507,2.0882198953131592e-05,-174.8951780796051,660.96875,,,,,,,,,,,
Base small-group ablation (n=1),base_c_n1_group_ablation_rerun180_2gpu_restart_20260405_213719,wr5lx7fw6wf99u6o9h4m0,50,50.0,0.1527113020420074,0.001257795966012,5.7518873880724186e-05,-181.5847864151001,625.46875,,,,,,,,,,,
Base small-group ablation (n=1),base_c_n1_group_ablation_rerun180_2gpu_restart_20260405_213719,wr5lx7fw6wf99u6o9h4m0,51,51.0,0.1569402664899826,0.0011532133867149,-7.706186845268803e-05,-205.52427339553836,579.3125,,,,,,,,,,,
Base small-group ablation (n=1),base_c_n1_group_ablation_rerun180_2gpu_restart_20260405_213719,wr5lx7fw6wf99u6o9h4m0,52,52.0,0.1736534386873245,0.0012281546314625,0.0001116172854835,-187.24129796028137,572.5,,,,,,,,,,,
Base small-group ablation (n=1),base_c_n1_group_ablation_rerun180_2gpu_restart_20260405_213719,wr5lx7fw6wf99u6o9h4m0,53,53.0,0.1777440458536148,0.0011241811916988,-8.559911702832323e-05,-185.6552627086639,641.34375,,,,,,,,,,,
Base small-group ablation (n=1),base_c_n1_group_ablation_rerun180_2gpu_restart_20260405_213719,wr5lx7fw6wf99u6o9h4m0,54,54.0,0.1574837863445282,0.0011659397696348,0.0001852873010648,-204.786878824234,593.28125,0.512,0.512,544.53125,0.2986320563470958,0.0564131994261119,544.53125,0.9064614852839598,0.0017905825629918,0.9859807677522108,64.0,0.128
Base small-group ablation (n=1),base_c_n1_group_ablation_rerun180_2gpu_restart_20260405_213719,wr5lx7fw6wf99u6o9h4m0,55,55.0,0.1612992733716964,0.0011197577568964,-6.909328783422097e-05,-173.44736003875732,674.265625,,,,,,,,,,,
Base small-group ablation (n=1),base_c_n1_group_ablation_rerun180_2gpu_restart_20260405_213719,wr5lx7fw6wf99u6o9h4m0,56,56.0,0.1570630222558975,0.0011600227189774,0.0001325158128793,-180.2516777515411,625.0625,,,,,,,,,,,
Base small-group ablation (n=1),base_c_n1_group_ablation_rerun180_2gpu_restart_20260405_213719,wr5lx7fw6wf99u6o9h4m0,57,57.0,0.2038021683692932,0.0013798581494484,-6.566719962464163e-05,-225.00454425811768,628.0625,,,,,,,,,,,
Base small-group ablation (n=1),base_c_n1_group_ablation_rerun180_2gpu_restart_20260405_213719,wr5lx7fw6wf99u6o9h4m0,58,58.0,0.1568076312541961,0.0014944443573767,-1.9634338229934656e-05,-208.92930936813352,598.359375,,,,,,,,,,,
Base small-group ablation (n=1),base_c_n1_group_ablation_rerun180_2gpu_restart_20260405_213719,wr5lx7fw6wf99u6o9h4m0,59,59.0,0.1533016711473465,0.0016736721045162,0.0001533907255861,-196.5311803817749,676.171875,,,,,,,,,,,
Base small-group ablation (n=1),base_c_n1_group_ablation_rerun180_2gpu_restart_20260405_213719,wr5lx7fw6wf99u6o9h4m0,60,60.0,0.1642860323190689,0.0010228224891761,-0.0001237637252415,-213.7448260784149,689.765625,0.494,0.494,608.03125,0.2748118026740456,0.0536310839286632,608.03125,0.9102990734262874,0.0014897802720856,0.9887057310901248,64.0,0.128
Base small-group ablation (n=1),base_c_n1_group_ablation_rerun180_2gpu_restart_20260405_213719,wr5lx7fw6wf99u6o9h4m0,61,61.0,0.1457022428512573,0.0010147851662622,3.742718615740159e-05,-206.8614883422852,584.234375,,,,,,,,,,,
Base small-group ablation (n=1),base_c_n1_group_ablation_rerun180_2gpu_restart_20260405_213719,wr5lx7fw6wf99u6o9h4m0,62,62.0,0.1340269893407821,0.001361580176308,0.0001279090781736,-248.77241230010983,541.859375,,,,,,,,,,,
Base small-group ablation (n=1),base_c_n1_group_ablation_rerun180_2gpu_restart_20260405_213719,wr5lx7fw6wf99u6o9h4m0,63,63.0,0.1684482246637344,0.0010805817910295,4.2423006220815296e-05,-215.48466658592224,628.5,,,,,,,,,,,
Base small-group ablation (n=1),base_c_n1_group_ablation_rerun180_2gpu_restart_20260405_213719,wr5lx7fw6wf99u6o9h4m0,64,64.0,0.149040475487709,0.0011771475510613,0.0001091738522518,-232.35764265060425,615.5,,,,,,,,,,,
Base small-group ablation (n=1),base_c_n1_group_ablation_rerun180_2gpu_restart_20260405_213719,wr5lx7fw6wf99u6o9h4m0,65,65.0,0.1666719615459442,0.0016084872913779,-0.0001223898942726,-192.8212971687317,583.46875,,,,,,,,,,,
Base small-group ablation (n=1),base_c_n1_group_ablation_rerun180_2gpu_restart_20260405_213719,wr5lx7fw6wf99u6o9h4m0,66,66.0,0.1471111178398132,0.0015273727003659,-3.255949877711828e-05,-210.84646368026733,607.234375,0.498,0.498,617.90625,0.3354460850764206,0.0633945278915693,617.90625,0.9027600423197149,0.0015005918403088,0.9810270304528664,64.0,0.128
Base small-group ablation (n=1),base_c_n1_group_ablation_rerun180_2gpu_restart_20260405_213719,wr5lx7fw6wf99u6o9h4m0,67,67.0,0.1720603108406067,0.0013098957751935,-4.01643863483514e-05,-190.94227504730225,646.375,,,,,,,,,,,
Base small-group ablation (n=1),base_c_n1_group_ablation_rerun180_2gpu_restart_20260405_213719,wr5lx7fw6wf99u6o9h4m0,68,68.0,0.1437075287103653,0.0012852149666287,-0.0001385521323413,-235.1790816783905,594.140625,,,,,,,,,,,
Base small-group ablation (n=1),base_c_n1_group_ablation_rerun180_2gpu_restart_20260405_213719,wr5lx7fw6wf99u6o9h4m0,69,69.0,0.1618591845035553,0.0015959581178321,-0.0001006731376946,-203.31750917434687,601.5625,,,,,,,,,,,
Base small-group ablation (n=1),base_c_n1_group_ablation_rerun180_2gpu_restart_20260405_213719,wr5lx7fw6wf99u6o9h4m0,70,70.0,0.1462350487709045,0.0013575300690717,-2.863066951874771e-05,-211.9998366832733,580.46875,,,,,,,,,,,
Base small-group ablation (n=1),base_c_n1_group_ablation_rerun180_2gpu_restart_20260405_213719,wr5lx7fw6wf99u6o9h4m0,71,71.0,0.145373985171318,0.0016616404573142,-0.0001267266379727,-225.42684125900269,579.359375,,,,,,,,,,,
Base small-group ablation (n=1),base_c_n1_group_ablation_rerun180_2gpu_restart_20260405_213719,wr5lx7fw6wf99u6o9h4m0,72,72.0,0.1483823210000991,0.0015711518863099,2.732686880335677e-06,-213.29355478286743,641.65625,0.522,0.522,597.8125,0.2457886115581155,0.0462362780972294,597.8125,0.917040552198108,0.0015805974805954,0.9910641498236648,64.0,0.128
Base small-group ablation (n=1),base_c_n1_group_ablation_rerun180_2gpu_restart_20260405_213719,wr5lx7fw6wf99u6o9h4m0,73,73.0,0.1434030830860138,0.0017019534607243,-0.000102366261558,-243.88572454452515,598.65625,,,,,,,,,,,
Base small-group ablation (n=1),base_c_n1_group_ablation_rerun180_2gpu_restart_20260405_213719,wr5lx7fw6wf99u6o9h4m0,74,74.0,0.1392934322357177,0.001455596917367,0.0002368150614984,-242.805029630661,571.59375,,,,,,,,,,,
Base small-group ablation (n=1),base_c_n1_group_ablation_rerun180_2gpu_restart_20260405_213719,wr5lx7fw6wf99u6o9h4m0,75,75.0,0.1382285505533218,0.0017301062507613,-1.5973921762224563e-05,-221.51034593582156,547.515625,,,,,,,,,,,
Base small-group ablation (n=1),base_c_n1_group_ablation_rerun180_2gpu_restart_20260405_213719,wr5lx7fw6wf99u6o9h4m0,76,76.0,0.1330875754356384,0.0016480004123877,-7.110713886504527e-05,-231.33703994750977,550.21875,,,,,,,,,,,
Base small-group ablation (n=1),base_c_n1_group_ablation_rerun180_2gpu_restart_20260405_213719,wr5lx7fw6wf99u6o9h4m0,77,77.0,0.1466863304376602,0.0019090135792794,9.315688907918228e-05,-227.0268955230713,575.953125,,,,,,,,,,,
Base small-group ablation (n=1),base_c_n1_group_ablation_rerun180_2gpu_restart_20260405_213719,wr5lx7fw6wf99u6o9h4m0,78,78.0,0.1253340989351272,0.0019413551417528,-9.421862705494276e-05,-239.12993907928467,524.0,0.506,0.506,678.609375,0.2794549913953794,0.0528654647601943,678.609375,0.9100211286815986,0.0013199760235064,0.9878916050814618,64.0,0.128
Base small-group ablation (n=1),base_c_n1_group_ablation_rerun180_2gpu_restart_20260405_213719,wr5lx7fw6wf99u6o9h4m0,79,79.0,0.1386405080556869,0.0019170444575138,-0.0001486170626776,-206.0881190299988,597.890625,,,,,,,,,,,
Base small-group ablation (n=1),base_c_n1_group_ablation_rerun180_2gpu_restart_20260405_213719,wr5lx7fw6wf99u6o9h4m0,80,80.0,0.1394005417823791,0.0018865461970563,-0.0001226697710876,-208.9922721385956,596.65625,,,,,,,,,,,
Base small-group ablation (n=1),base_c_n1_group_ablation_rerun180_2gpu_restart_20260405_213719,wr5lx7fw6wf99u6o9h4m0,81,81.0,0.136365070939064,0.0018052105369861,9.718072499254048e-05,-218.85402917861936,546.796875,,,,,,,,,,,
Base small-group ablation (n=1),base_c_n1_group_ablation_rerun180_2gpu_restart_20260405_213719,wr5lx7fw6wf99u6o9h4m0,82,82.0,0.1400072574615478,0.0018801394617184,7.831113612155605e-05,-217.3317213058472,578.125,,,,,,,,,,,
Base small-group ablation (n=1),base_c_n1_group_ablation_rerun180_2gpu_restart_20260405_213719,wr5lx7fw6wf99u6o9h4m0,83,83.0,0.1421774923801422,0.0020624127355404,-7.638996487457916e-05,-225.10708928108212,577.46875,,,,,,,,,,,
Base small-group ablation (n=1),base_c_n1_group_ablation_rerun180_2gpu_restart_20260405_213719,wr5lx7fw6wf99u6o9h4m0,84,84.0,0.1321932077407837,0.0022894724825164,8.349806194019038e-06,-235.1818950176239,584.296875,0.512,0.512,649.46875,0.2835392753044187,0.0548525236972525,649.46875,0.9076877858855236,0.0015103385391766,0.9883701971656392,64.0,0.128
Base small-group ablation (n=1),base_c_n1_group_ablation_rerun180_2gpu_restart_20260405_213719,wr5lx7fw6wf99u6o9h4m0,85,85.0,0.1357350200414657,0.0019218179368181,-0.0002023841019536,-216.0869874954224,591.140625,,,,,,,,,,,
Base small-group ablation (n=1),base_c_n1_group_ablation_rerun180_2gpu_restart_20260405_213719,wr5lx7fw6wf99u6o9h4m0,86,86.0,0.128153920173645,0.0020972335696569,-8.800335592695774e-06,-246.72616147994995,518.71875,,,,,,,,,,,
Base small-group ablation (n=1),base_c_n1_group_ablation_rerun180_2gpu_restart_20260405_213719,wr5lx7fw6wf99u6o9h4m0,87,87.0,0.1245747730135917,0.0020728899835376,0.0001644627045607,-236.8716640472412,539.671875,,,,,,,,,,,
Base small-group ablation (n=1),base_c_n1_group_ablation_rerun180_2gpu_restart_20260405_213719,wr5lx7fw6wf99u6o9h4m0,88,88.0,0.1396254599094391,0.0023900963496998,-0.0001612457039747,-212.57179236412048,544.28125,,,,,,,,,,,
Base small-group ablation (n=1),base_c_n1_group_ablation_rerun180_2gpu_restart_20260405_213719,wr5lx7fw6wf99u6o9h4m0,89,89.0,0.1285610347986221,0.0021624688597512,-9.525996847514762e-05,-227.2629313468933,567.796875,,,,,,,,,,,
Base small-group ablation (n=1),base_c_n1_group_ablation_rerun180_2gpu_restart_20260405_213719,wr5lx7fw6wf99u6o9h4m0,90,90.0,0.1385771483182907,0.0022201863321242,0.0002467995152528,-235.71044087409973,561.328125,0.514,0.514,618.765625,0.273910335921172,0.0512865836721294,618.765625,0.9107490438020748,0.0014843321198704,0.9890334328564516,64.0,0.128
Base small-group ablation (n=1),base_c_n1_group_ablation_rerun180_2gpu_restart_20260405_213719,wr5lx7fw6wf99u6o9h4m0,91,91.0,0.1403830200433731,0.002051915609627,-4.6961597433892166e-05,-223.2295277118683,591.046875,,,,,,,,,,,
Base small-group ablation (n=1),base_c_n1_group_ablation_rerun180_2gpu_restart_20260405_213719,wr5lx7fw6wf99u6o9h4m0,92,92.0,0.1268686056137085,0.0023433471433236,0.0002361240171921,-235.22467684745789,564.234375,,,,,,,,,,,
Base small-group ablation (n=1),base_c_n1_group_ablation_rerun180_2gpu_restart_20260405_213719,wr5lx7fw6wf99u6o9h4m0,93,93.0,0.1365826427936554,0.0024867822867236,-0.0001970639623323,-226.3144509792328,550.203125,,,,,,,,,,,
Base small-group ablation (n=1),base_c_n1_group_ablation_rerun180_2gpu_restart_20260405_213719,wr5lx7fw6wf99u6o9h4m0,94,94.0,0.1288849860429763,0.0024770678137429,0.000231345362863,-243.10944056510925,581.484375,,,,,,,,,,,
Base small-group ablation (n=1),base_c_n1_group_ablation_rerun180_2gpu_restart_20260405_213719,wr5lx7fw6wf99u6o9h4m0,95,95.0,0.1285024881362915,0.0026418248307891,4.304327291038135e-05,-229.0926010608673,539.109375,,,,,,,,,,,
Base small-group ablation (n=1),base_c_n1_group_ablation_rerun180_2gpu_restart_20260405_213719,wr5lx7fw6wf99u6o9h4m0,96,96.0,0.1457858830690384,0.0022195257988641,5.4591200523645966e-05,-228.86512279510492,545.78125,0.506,0.506,584.984375,0.2860421502420467,0.0550228371484281,584.984375,0.91003542194261,0.0015867102680123,0.9865975904300422,64.0,0.128
Base small-group ablation (n=1),base_c_n1_group_ablation_rerun180_2gpu_restart_20260405_213719,wr5lx7fw6wf99u6o9h4m0,97,97.0,0.1275000274181366,0.0025215919158654,-1.66859591672619e-05,-242.93718814849856,536.0625,,,,,,,,,,,
Base small-group ablation (n=1),base_c_n1_group_ablation_rerun180_2gpu_restart_20260405_213719,wr5lx7fw6wf99u6o9h4m0,98,98.0,0.1193762123584747,0.0027833103813463,6.915021640452323e-05,-238.4686393737793,525.484375,,,,,,,,,,,
Base small-group ablation (n=1),base_c_n1_group_ablation_rerun180_2gpu_restart_20260405_213719,wr5lx7fw6wf99u6o9h4m0,99,99.0,0.1395676434040069,0.0031081115157576,-5.687107568519423e-05,-243.1862313747406,559.109375,,,,,,,,,,,
Base small-group ablation (n=1),base_c_n1_group_ablation_rerun180_2gpu_restart_20260405_213719,wr5lx7fw6wf99u6o9h4m0,100,100.0,0.121803767979145,0.0029607603137264,0.0002378298005396,-247.30173444747925,510.0,,,,,,,,,,,
Base small-group ablation (n=1),base_c_n1_group_ablation_rerun180_2gpu_restart_20260405_213719,wr5lx7fw6wf99u6o9h4m0,101,101.0,0.1638125479221344,0.0025846702847047,4.511457427724963e-05,-243.7524425983429,568.015625,,,,,,,,,,,
Base small-group ablation (n=1),base_c_n1_group_ablation_rerun180_2gpu_restart_20260405_213719,wr5lx7fw6wf99u6o9h4m0,102,102.0,0.1548734605312347,0.0030959600990172,-8.903757429834513e-05,-212.94025254249573,560.453125,0.548,0.548,610.34375,0.2349768670788986,0.044262966565972,610.34375,0.920751489330001,0.0015875036960779,0.9919357377930688,64.0,0.128
Base small-group ablation (n=1),base_c_n1_group_ablation_rerun180_2gpu_restart_20260405_213719,wr5lx7fw6wf99u6o9h4m0,103,103.0,0.1200347617268562,0.003257569274865,9.13310370833642e-05,-244.4806523323059,522.125,,,,,,,,,,,
Base small-group ablation (n=1),base_c_n1_group_ablation_rerun180_2gpu_restart_20260405_213719,wr5lx7fw6wf99u6o9h4m0,104,104.0,0.1255562305450439,0.0030737942433916,-0.0001852258242251,-234.43660354614252,528.34375,,,,,,,,,,,
Base small-group ablation (n=1),base_c_n1_group_ablation_rerun180_2gpu_restart_20260405_213719,wr5lx7fw6wf99u6o9h4m0,105,105.0,0.139429971575737,0.0030507150513585,2.0747150188071828e-05,-215.16133069992063,581.78125,,,,,,,,,,,
Base small-group ablation (n=1),base_c_n1_group_ablation_rerun180_2gpu_restart_20260405_213719,wr5lx7fw6wf99u6o9h4m0,106,106.0,0.1442666053771973,0.0028895007999381,7.509067847877304e-05,-235.8918943405151,563.59375,,,,,,,,,,,
Base small-group ablation (n=1),base_c_n1_group_ablation_rerun180_2gpu_restart_20260405_213719,wr5lx7fw6wf99u6o9h4m0,107,107.0,0.1178771555423736,0.0034686207072809,-0.000288832346996,-249.1902666091919,491.15625,,,,,,,,,,,
Base small-group ablation (n=1),base_c_n1_group_ablation_rerun180_2gpu_restart_20260405_213719,wr5lx7fw6wf99u6o9h4m0,108,108.0,0.1368800103664398,0.0031331045975093,-2.620223949634237e-05,-230.30127811431885,587.640625,0.544,0.544,715.296875,0.2093826864662488,0.0394504030232202,715.296875,0.9267188667399524,0.0012903101668155,0.9935804997154192,64.0,0.128
Base small-group ablation (n=1),base_c_n1_group_ablation_rerun180_2gpu_restart_20260405_213719,wr5lx7fw6wf99u6o9h4m0,109,109.0,0.1146159023046493,0.0030941429286031,-0.0001609216069482,-256.0615634918213,512.578125,,,,,,,,,,,
Base small-group ablation (n=1),base_c_n1_group_ablation_rerun180_2gpu_restart_20260405_213719,wr5lx7fw6wf99u6o9h4m0,110,110.0,0.1171426996588707,0.0030269225972006,-0.0001068195333573,-236.7492637634277,525.734375,,,,,,,,,,,
Base small-group ablation (n=1),base_c_n1_group_ablation_rerun180_2gpu_restart_20260405_213719,wr5lx7fw6wf99u6o9h4m0,111,111.0,0.1419321000576019,0.0033410685937269,-1.1570484730327737e-06,-231.42990016937256,548.015625,,,,,,,,,,,
Base small-group ablation (n=1),base_c_n1_group_ablation_rerun180_2gpu_restart_20260405_213719,wr5lx7fw6wf99u6o9h4m0,112,112.0,0.1287386864423751,0.0033502768565085,7.243511026899796e-05,-247.46416664123532,550.390625,,,,,,,,,,,
Base small-group ablation (n=1),base_c_n1_group_ablation_rerun180_2gpu_restart_20260405_213719,wr5lx7fw6wf99u6o9h4m0,113,113.0,0.1258628666400909,0.0033224174112547,-1.939674461937102e-05,-243.1060667037964,522.5,,,,,,,,,,,
Base small-group ablation (n=1),base_c_n1_group_ablation_rerun180_2gpu_restart_20260405_213719,wr5lx7fw6wf99u6o9h4m0,114,114.0,0.1325128674507141,0.0038770698592998,2.64099764990533e-06,-247.9215931892395,556.203125,0.558,0.558,574.234375,0.2108922346326394,0.0391009768441675,574.234375,0.92581302499269,0.0017086016226254,0.9945598173711072,64.0,0.128
Base small-group ablation (n=1),base_c_n1_group_ablation_rerun180_2gpu_restart_20260405_213719,wr5lx7fw6wf99u6o9h4m0,115,115.0,0.1378881931304931,0.0036950563007849,7.502515654778108e-05,-243.45516109466556,549.1875,,,,,,,,,,,
Base small-group ablation (n=1),base_c_n1_group_ablation_rerun180_2gpu_restart_20260405_213719,wr5lx7fw6wf99u6o9h4m0,116,116.0,0.117170825600624,0.003597697650548,-7.599368399269224e-05,-243.1174845695496,545.140625,,,,,,,,,,,
Base small-group ablation (n=1),base_c_n1_group_ablation_rerun180_2gpu_restart_20260405_213719,wr5lx7fw6wf99u6o9h4m0,117,117.0,0.1245554387569427,0.0038244769675657,-0.0001620079220856,-243.8514790534973,531.046875,,,,,,,,,,,
Base small-group ablation (n=1),base_c_n1_group_ablation_rerun180_2gpu_restart_20260405_213719,wr5lx7fw6wf99u6o9h4m0,118,118.0,0.1132441982626915,0.0036840328684775,0.0002206799942996,-247.2952175140381,499.984375,,,,,,,,,,,
Base small-group ablation (n=1),base_c_n1_group_ablation_rerun180_2gpu_restart_20260405_213719,wr5lx7fw6wf99u6o9h4m0,119,119.0,0.129636213183403,0.0037607275007758,0.0002386615319096,-226.726722240448,527.484375,,,,,,,,,,,
Base small-group ablation (n=1),base_c_n1_group_ablation_rerun180_2gpu_restart_20260405_213719,wr5lx7fw6wf99u6o9h4m0,120,120.0,0.1224798560142517,0.003873523310176,0.0003039693560822,-255.9435272216797,533.140625,0.542,0.542,606.875,0.2142611810525094,0.0394696189495365,606.875,0.9246887002742622,0.0015709376980799,0.993779813175221,64.0,0.128
Base small-group ablation (n=1),base_c_n1_group_ablation_rerun180_2gpu_restart_20260405_213719,wr5lx7fw6wf99u6o9h4m0,121,121.0,0.1164636611938476,0.0036308298513176,-3.923747362932773e-05,-236.3080575466156,517.5,,,,,,,,,,,
Base small-group ablation (n=1),base_c_n1_group_ablation_rerun180_2gpu_restart_20260405_213719,wr5lx7fw6wf99u6o9h4m0,122,122.0,0.1204888448119163,0.0039752922602929,0.0001513900739382,-239.6554517745972,495.09375,,,,,,,,,,,
Base small-group ablation (n=1),base_c_n1_group_ablation_rerun180_2gpu_restart_20260405_213719,wr5lx7fw6wf99u6o9h4m0,123,123.0,0.1229028701782226,0.0037178256534389,-4.880782398686279e-05,-226.4357569217682,522.65625,,,,,,,,,,,
Base small-group ablation (n=1),base_c_n1_group_ablation_rerun180_2gpu_restart_20260405_213719,wr5lx7fw6wf99u6o9h4m0,124,124.0,0.1526024788618087,0.00343349025934,3.535394267828451e-05,-256.0154733657837,534.90625,,,,,,,,,,,
Base small-group ablation (n=1),base_c_n1_group_ablation_rerun180_2gpu_restart_20260405_213719,wr5lx7fw6wf99u6o9h4m0,125,125.0,0.1239145770668983,0.0035882938973372,-0.0002714284438525,-234.4942364692688,530.390625,,,,,,,,,,,
Base small-group ablation (n=1),base_c_n1_group_ablation_rerun180_2gpu_restart_20260405_213719,wr5lx7fw6wf99u6o9h4m0,126,126.0,0.115628570318222,0.0041927836718969,-3.3230636290682014e-05,-240.3101716041565,492.609375,0.546,0.546,584.40625,0.2324689325371704,0.0434468744986899,584.40625,0.9205859454390416,0.0016311998909215,0.9925913944594216,64.0,0.128
Base small-group ablation (n=1),base_c_n1_group_ablation_rerun180_2gpu_restart_20260405_213719,wr5lx7fw6wf99u6o9h4m0,127,127.0,0.1268468201160431,0.0036618762969737,6.099578274643136e-05,-243.2245960235596,561.390625,,,,,,,,,,,
Base small-group ablation (n=1),base_c_n1_group_ablation_rerun180_2gpu_restart_20260405_213719,wr5lx7fw6wf99u6o9h4m0,128,128.0,0.139455109834671,0.0038235278698266,-2.057116830656014e-05,-223.3772459030151,571.90625,,,,,,,,,,,
Base small-group ablation (n=1),base_c_n1_group_ablation_rerun180_2gpu_restart_20260405_213719,wr5lx7fw6wf99u6o9h4m0,129,129.0,0.1259019523859024,0.0037196688281255,-1.73000660197431e-05,-244.04620790481567,548.28125,,,,,,,,,,,
Base small-group ablation (n=1),base_c_n1_group_ablation_rerun180_2gpu_restart_20260405_213719,wr5lx7fw6wf99u6o9h4m0,130,130.0,0.1223173588514328,0.0040002111563808,-1.341366578344605e-05,-226.91525745391849,527.59375,,,,,,,,,,,
Base small-group ablation (n=1),base_c_n1_group_ablation_rerun180_2gpu_restart_20260405_213719,wr5lx7fw6wf99u6o9h4m0,131,131.0,0.1160956919193267,0.0042503450531512,0.0002564734409133,-230.4231195449829,498.140625,,,,,,,,,,,
Base small-group ablation (n=1),base_c_n1_group_ablation_rerun180_2gpu_restart_20260405_213719,wr5lx7fw6wf99u6o9h4m0,132,132.0,0.1342736631631851,0.0040154434900614,7.373451239800488e-06,-221.5634524822235,565.265625,0.516,0.516,627.375,0.2500109075431116,0.0468469814704124,627.375,0.9177064226784776,0.0014907384884742,0.9907917984929973,64.0,0.128
Base small-group ablation (n=1),base_c_n1_group_ablation_rerun180_2gpu_restart_20260405_213719,wr5lx7fw6wf99u6o9h4m0,133,133.0,0.1316152662038803,0.004203053897072,-9.70416267591645e-05,-235.7021691799164,521.0625,,,,,,,,,,,
Base small-group ablation (n=1),base_c_n1_group_ablation_rerun180_2gpu_restart_20260405_213719,wr5lx7fw6wf99u6o9h4m0,134,134.0,0.1142205223441124,0.0041246612017857,4.615660736817517e-05,-235.7983536720276,519.765625,,,,,,,,,,,
Base small-group ablation (n=1),base_c_n1_group_ablation_rerun180_2gpu_restart_20260405_213719,wr5lx7fw6wf99u6o9h4m0,135,135.0,0.1149105504155159,0.0042175595881417,-2.8701550490950467e-05,-256.029676437378,506.0,,,,,,,,,,,
Base small-group ablation (n=1),base_c_n1_group_ablation_rerun180_2gpu_restart_20260405_213719,wr5lx7fw6wf99u6o9h4m0,136,136.0,0.116613745689392,0.0045898413227405,-0.0002178181421186,-256.08074951171875,511.265625,,,,,,,,,,,
Base small-group ablation (n=1),base_c_n1_group_ablation_rerun180_2gpu_restart_20260405_213719,wr5lx7fw6wf99u6o9h4m0,137,137.0,0.1152598336338996,0.0046498722804244,0.0001239924397395,-249.18126010894773,503.78125,,,,,,,,,,,
Base small-group ablation (n=1),base_c_n1_group_ablation_rerun180_2gpu_restart_20260405_213719,wr5lx7fw6wf99u6o9h4m0,138,138.0,0.1683994829654693,0.0045088327751727,5.860047485839459e-05,-228.8864827156067,548.921875,0.57,0.57,622.03125,0.2326585952674465,0.043381060035167,622.03125,0.9192371518849668,0.0014985105081653,0.992874065400128,64.0,0.128
Base small-group ablation (n=1),base_c_n1_group_ablation_rerun180_2gpu_restart_20260405_213719,wr5lx7fw6wf99u6o9h4m0,139,139.0,0.1196280047297477,0.0043754505459219,-3.548996681956851e-05,-229.32693672180176,510.484375,,,,,,,,,,,
Base small-group ablation (n=1),base_c_n1_group_ablation_rerun180_2gpu_restart_20260405_213719,wr5lx7fw6wf99u6o9h4m0,140,140.0,0.1281761527061462,0.0044832494750153,1.378994267042799e-05,-240.0207223892212,524.875,,,,,,,,,,,
Base small-group ablation (n=1),base_c_n1_group_ablation_rerun180_2gpu_restart_20260405_213719,wr5lx7fw6wf99u6o9h4m0,141,141.0,0.1125091165304184,0.0042383261170471,-8.24010783162521e-05,-249.49996185302737,502.46875,,,,,,,,,,,
Base small-group ablation (n=1),base_c_n1_group_ablation_rerun180_2gpu_restart_20260405_213719,wr5lx7fw6wf99u6o9h4m0,142,142.0,0.1349657475948333,0.0041030167631106,-0.000140601038197,-243.4925575256348,555.3125,,,,,,,,,,,
Base small-group ablation (n=1),base_c_n1_group_ablation_rerun180_2gpu_restart_20260405_213719,wr5lx7fw6wf99u6o9h4m0,143,143.0,0.1209882423281669,0.003974504317739,5.7494119403145305e-06,-243.5041661262512,524.328125,,,,,,,,,,,
Base small-group ablation (n=1),base_c_n1_group_ablation_rerun180_2gpu_restart_20260405_213719,wr5lx7fw6wf99u6o9h4m0,144,144.0,0.1391976028680801,0.0047140172100625,-0.0001017431263363,-234.30576300621036,537.59375,0.532,0.532,593.90625,0.2167095346909954,0.0404367271770586,593.90625,0.924522616881441,0.0016644737620809,0.9934110997256966,64.0,0.128
Base small-group ablation (n=1),base_c_n1_group_ablation_rerun180_2gpu_restart_20260405_213719,wr5lx7fw6wf99u6o9h4m0,145,145.0,0.1159088015556335,0.0044278288405621,7.646461210697453e-05,-247.2508130073547,496.765625,,,,,,,,,,,
Base small-group ablation (n=1),base_c_n1_group_ablation_rerun180_2gpu_restart_20260405_213719,wr5lx7fw6wf99u6o9h4m0,146,146.0,0.1139983758330345,0.0046837898480589,-3.4154326783664146e-05,-234.18304181098932,520.375,,,,,,,,,,,
Base small-group ablation (n=1),base_c_n1_group_ablation_rerun180_2gpu_restart_20260405_213719,wr5lx7fw6wf99u6o9h4m0,147,147.0,0.1184076964855194,0.0047908435080898,0.0001152616437138,-243.5581121444702,529.28125,,,,,,,,,,,
Base small-group ablation (n=1),base_c_n1_group_ablation_rerun180_2gpu_restart_20260405_213719,wr5lx7fw6wf99u6o9h4m0,148,148.0,0.1252716034650802,0.0051195110499975,-2.084135917357344e-05,-235.0709936618805,517.21875,,,,,,,,,,,
Base small-group ablation (n=1),base_c_n1_group_ablation_rerun180_2gpu_restart_20260405_213719,wr5lx7fw6wf99u6o9h4m0,149,149.0,0.1090235486626625,0.0050682119617704,-0.0002188413549504,-256.0781917572021,491.3125,,,,,,,,,,,
Base small-group ablation (n=1),base_c_n1_group_ablation_rerun180_2gpu_restart_20260405_213719,wr5lx7fw6wf99u6o9h4m0,150,150.0,0.1111280471086502,0.0047020777419675,-0.0002225542298219,-256.07834243774414,484.46875,0.54,0.54,518.6875,0.228310432817896,0.0420231353175081,518.6875,0.924065750669982,0.0018938457819335,0.9915814078533588,64.0,0.128
Base small-group ablation (n=1),base_c_n1_group_ablation_rerun180_2gpu_restart_20260405_213719,wr5lx7fw6wf99u6o9h4m0,151,151.0,0.1498812735080719,0.0049990713159786,0.000137088025724,-241.82861518859863,507.515625,,,,,,,,,,,
Base small-group ablation (n=1),base_c_n1_group_ablation_rerun180_2gpu_restart_20260405_213719,wr5lx7fw6wf99u6o9h4m0,152,152.0,0.106607124209404,0.0047983264666981,0.0001110126733436,-255.9950017929077,485.34375,,,,,,,,,,,
Base small-group ablation (n=1),base_c_n1_group_ablation_rerun180_2gpu_restart_20260405_213719,wr5lx7fw6wf99u6o9h4m0,153,153.0,0.1127083450555801,0.0045762483641738,8.754874011174252e-05,-234.0905945301056,507.984375,,,,,,,,,,,
Base small-group ablation (n=1),base_c_n1_group_ablation_rerun180_2gpu_restart_20260405_213719,wr5lx7fw6wf99u6o9h4m0,154,154.0,0.1199901551008224,0.0045016821095487,-2.13874112691137e-05,-227.84784507751465,560.21875,,,,,,,,,,,
Base small-group ablation (n=1),base_c_n1_group_ablation_rerun180_2gpu_restart_20260405_213719,wr5lx7fw6wf99u6o9h4m0,155,155.0,0.1099250167608261,0.0051064287836197,-1.594062851495437e-05,-256.0270652770996,474.296875,,,,,,,,,,,
Base small-group ablation (n=1),base_c_n1_group_ablation_rerun180_2gpu_restart_20260405_213719,wr5lx7fw6wf99u6o9h4m0,156,156.0,0.1060429736971855,0.0046792603679932,-8.624934389445116e-05,-235.16422367095947,518.296875,0.578,0.578,624.109375,0.3048148287365403,0.058959016598653,624.109375,0.9058720171071046,0.0015642511431059,0.9840219295833966,64.0,0.128
Base small-group ablation (n=1),base_c_n1_group_ablation_rerun180_2gpu_restart_20260405_213719,wr5lx7fw6wf99u6o9h4m0,157,157.0,0.1270574629306793,0.0046777089737588,-3.8634056409136974e-05,-220.42294120788577,526.765625,,,,,,,,,,,
Base small-group ablation (n=1),base_c_n1_group_ablation_rerun180_2gpu_restart_20260405_213719,wr5lx7fw6wf99u6o9h4m0,158,158.0,0.1058481782674789,0.0053458265174413,-0.0001937660621251,-256.07172870635986,494.765625,,,,,,,,,,,
Base small-group ablation (n=1),base_c_n1_group_ablation_rerun180_2gpu_restart_20260405_213719,wr5lx7fw6wf99u6o9h4m0,159,159.0,0.1099670007824897,0.0053864831861574,0.0001202495200232,-242.98212456703183,508.953125,,,,,,,,,,,
Base small-group ablation (n=1),base_c_n1_group_ablation_rerun180_2gpu_restart_20260405_213719,wr5lx7fw6wf99u6o9h4m0,160,160.0,0.1037660166621208,0.0055855931423138,-0.0001395902079366,-256.057954788208,479.265625,,,,,,,,,,,
Base small-group ablation (n=1),base_c_n1_group_ablation_rerun180_2gpu_restart_20260405_213719,wr5lx7fw6wf99u6o9h4m0,161,161.0,0.1166291907429695,0.0048987861082423,5.217441628246888e-05,-247.59565210342407,527.265625,,,,,,,,,,,
Base small-group ablation (n=1),base_c_n1_group_ablation_rerun180_2gpu_restart_20260405_213719,wr5lx7fw6wf99u6o9h4m0,162,162.0,0.1076262816786766,0.0055176708992803,-2.952719182758301e-05,-256.030668258667,489.171875,0.536,0.536,532.859375,0.2317361560688757,0.0441310148667272,532.859375,0.9213059806818138,0.0018857197335165,0.9923519587211272,64.0,0.128
Base small-group ablation (n=1),base_c_n1_group_ablation_rerun180_2gpu_restart_20260405_213719,wr5lx7fw6wf99u6o9h4m0,163,163.0,0.109682448208332,0.004856411491346,-0.0001602027206217,-242.85211205482483,501.015625,,,,,,,,,,,
Base small-group ablation (n=1),base_c_n1_group_ablation_rerun180_2gpu_restart_20260405_213719,wr5lx7fw6wf99u6o9h4m0,164,164.0,0.1351969987154007,0.0056267806648975,0.0002277593316648,-242.95919799804688,534.734375,,,,,,,,,,,
Base small-group ablation (n=1),base_c_n1_group_ablation_rerun180_2gpu_restart_20260405_213719,wr5lx7fw6wf99u6o9h4m0,165,165.0,0.1154617667198181,0.0058054850014741,4.719111029771739e-05,-235.0144476890564,519.484375,,,,,,,,,,,
Base small-group ablation (n=1),base_c_n1_group_ablation_rerun180_2gpu_restart_20260405_213719,wr5lx7fw6wf99u6o9h4m0,166,166.0,0.1085957214236259,0.0056237831013277,-3.792495490451131e-05,-242.9706325531006,511.375,,,,,,,,,,,
Base small-group ablation (n=1),base_c_n1_group_ablation_rerun180_2gpu_restart_20260405_213719,wr5lx7fw6wf99u6o9h4m0,167,167.0,0.1049355641007423,0.0055288785079028,5.955941196589265e-05,-256.0079517364502,481.21875,,,,,,,,,,,
Base small-group ablation (n=1),base_c_n1_group_ablation_rerun180_2gpu_restart_20260405_213719,wr5lx7fw6wf99u6o9h4m0,168,168.0,0.106002353131771,0.00575540761929,-4.8052493809791486e-05,-246.51258850097656,486.046875,0.57,0.57,599.0625,0.2296446467416014,0.0450443401147626,599.0625,0.9215831678984496,0.0016327046681922,0.9922514850296076,64.0,0.128
Base small-group ablation (n=1),base_c_n1_group_ablation_rerun180_2gpu_restart_20260405_213719,wr5lx7fw6wf99u6o9h4m0,169,169.0,0.1106643602252006,0.0054946744348853,-0.0001626297457733,-243.1281411647797,532.609375,,,,,,,,,,,
Base small-group ablation (n=1),base_c_n1_group_ablation_rerun180_2gpu_restart_20260405_213719,wr5lx7fw6wf99u6o9h4m0,170,170.0,0.1104124188423156,0.0056998953950824,-1.7501530862773507e-05,-243.0933623313904,510.625,,,,,,,,,,,
Base small-group ablation (n=1),base_c_n1_group_ablation_rerun180_2gpu_restart_20260405_213719,wr5lx7fw6wf99u6o9h4m0,171,171.0,0.1095480695366859,0.00553781974304,7.065344276213636e-05,-227.33095335960388,502.265625,,,,,,,,,,,
Base small-group ablation (n=1),base_c_n1_group_ablation_rerun180_2gpu_restart_20260405_213719,wr5lx7fw6wf99u6o9h4m0,172,172.0,0.1001049131155014,0.0055280783853959,1.582010781930876e-05,-256.01890659332275,470.1875,,,,,,,,,,,
Base small-group ablation (n=1),base_c_n1_group_ablation_rerun180_2gpu_restart_20260405_213719,wr5lx7fw6wf99u6o9h4m0,173,173.0,0.1014479994773864,0.0057022641703952,-0.0001326108756529,-256.0574035644531,480.28125,,,,,,,,,,,
Base small-group ablation (n=1),base_c_n1_group_ablation_rerun180_2gpu_restart_20260405_213719,wr5lx7fw6wf99u6o9h4m0,174,174.0,0.0965524613857269,0.0061683074454776,0.0001559483866913,-255.98202228546145,483.46875,0.576,0.576,554.625,0.2095224260343526,0.0381169709263015,554.625,0.9266223013333864,0.0017506752137144,0.9942112618103096,64.0,0.128
Base small-group ablation (n=1),base_c_n1_group_ablation_rerun180_2gpu_restart_20260405_213719,wr5lx7fw6wf99u6o9h4m0,175,175.0,0.0998526513576507,0.0058912693348247,-2.339791376471112e-05,-256.03099632263184,467.84375,,,,,,,,,,,
Base small-group ablation (n=1),base_c_n1_group_ablation_rerun180_2gpu_restart_20260405_213719,wr5lx7fw6wf99u6o9h4m0,176,176.0,0.1001022011041641,0.0059847982483915,-9.480854990329136e-05,-240.39443254470825,473.1875,,,,,,,,,,,
Base small-group ablation (n=1),base_c_n1_group_ablation_rerun180_2gpu_restart_20260405_213719,wr5lx7fw6wf99u6o9h4m0,177,177.0,0.1117142587900161,0.0057382106169825,-6.3578109120499e-05,-242.8845934867859,522.640625,,,,,,,,,,,
Base small-group ablation (n=1),base_c_n1_group_ablation_rerun180_2gpu_restart_20260405_213719,wr5lx7fw6wf99u6o9h4m0,178,178.0,0.1096770837903022,0.0057228001969633,0.0001253452825551,-243.1253011226654,494.140625,,,,,,,,,,,
Base small-group ablation (n=1),base_c_n1_group_ablation_rerun180_2gpu_restart_20260405_213719,wr5lx7fw6wf99u6o9h4m0,179,179.0,0.0997842773795128,0.0056309757928829,0.0001612230452678,-246.476722240448,468.96875,,,,,,,,,,,
Base small-group ablation (n=1),base_c_n1_group_ablation_rerun180_2gpu_restart_20260405_213719,wr5lx7fw6wf99u6o9h4m0,180,180.0,0.0979107916355133,0.0057694035349413,7.454452128285993e-05,-256.00152492523193,476.5,0.59,0.59,550.65625,0.2947157930755485,0.0555303331252482,550.65625,0.9098282570425168,0.001821985755412,0.985163338006703,64.0,0.128
