step,training/global_step,training/global_step_timestamp,actor/entropy,actor/entropy_timestamp,actor/kl_loss,actor/kl_loss_timestamp,actor/ppo_kl,actor/ppo_kl_timestamp,actor/pg_loss,actor/pg_loss_timestamp,response_length/mean,response_length/mean_timestamp,val-core/math500/reward/mean@1,val-core/math500/reward/mean@1_timestamp,val-core/math500/reward/pass@1,val-core/math500/reward/pass@1_timestamp,val-aux/math500/response_length/mean@1,val-aux/math500/response_length/mean@1_timestamp,val-token/math500/summary/token_entropy_mean,val-token/math500/summary/token_entropy_mean_timestamp,val-token/math500/summary/low_confidence_token_ratio,val-token/math500/summary/low_confidence_token_ratio_timestamp,val-token/math500/summary/response_length_mean,val-token/math500/summary/response_length_mean_timestamp,val-token/math500/summary/top1_prob_mean,val-token/math500/summary/top1_prob_mean_timestamp,val-token/math500/summary/eos_prob_mean,val-token/math500/summary/eos_prob_mean_timestamp,val-token/math500/summary/topk_mass_mean,val-token/math500/summary/topk_mass_mean_timestamp,val-token/math500/summary/analyzed_samples,val-token/math500/summary/analyzed_samples_timestamp,val-token/math500/summary/analyzed_sample_fraction,val-token/math500/summary/analyzed_sample_fraction_timestamp
0,,,,,,,,,,,,,0.358,1775396541000.0,0.358,1775396541000.0,755.484375,1775396541000.0,0.752485174479,1775396541000.0,0.1236375669582842,1775396541000.0,755.484375,1775396541000.0,0.8403076832155065,1775396541000.0,0.0010967496038245,1775396541000.0,0.9392367936135304,1775396541000.0,64.0,1775396541000.0,0.128,1775396541000.0
1,1.0,1775396578000.0,0.335877001285553,1775396578000.0,2.225526208121664e-05,1775396578000.0,0.0001406388067834,1775396578000.0,-17.510244369506836,1775396578000.0,648.140625,1775396578000.0,,,,,,,,,,,,,,,,,,,,,,
2,2.0,1775396610000.0,0.3830341696739197,1775396610000.0,2.4815821575430164e-05,1775396610000.0,-5.99309330482356e-05,1775396610000.0,-39.84183883666992,1775396610000.0,738.359375,1775396610000.0,,,,,,,,,,,,,,,,,,,,,,
3,3.0,1775396642000.0,0.4645488858222961,1775396642000.0,2.957209767373569e-05,1775396642000.0,4.4359794685533416e-05,1775396642000.0,-11.744335174560549,1775396642000.0,711.828125,1775396642000.0,,,,,,,,,,,,,,,,,,,,,,
4,4.0,1775396674000.0,0.3695918321609497,1775396674000.0,2.410373355132833e-05,1775396674000.0,-7.008644413364351e-05,1775396674000.0,-23.261662006378177,1775396674000.0,730.984375,1775396674000.0,,,,,,,,,,,,,,,,,,,,,,
5,5.0,1775396705000.0,0.3155423700809479,1775396705000.0,3.0220203257158573e-05,1775396705000.0,-1.9841026755784696e-05,1775396705000.0,-16.675543785095215,1775396705000.0,634.0625,1775396705000.0,,,,,,,,,,,,,,,,,,,,,,
6,6.0,1775396768000.0,0.4319989681243897,1775396768000.0,3.280360215285327e-05,1775396768000.0,-0.0001460572688642,1775396768000.0,-20.883602142333984,1775396768000.0,653.53125,1775396768000.0,0.39,1775396768000.0,0.39,1775396768000.0,641.859375,1775396768000.0,0.4705489081159858,1775396768000.0,0.089997322232771,1775396768000.0,641.859375,1775396768000.0,0.8725604007607376,1775396768000.0,0.0014994742224595,1775396768000.0,0.9690397104660616,1775396768000.0,64.0,1775396768000.0,0.128,1775396768000.0
7,7.0,1775396801000.0,0.3891682028770447,1775396801000.0,3.5429915783424804e-05,1775396801000.0,4.573060948587226e-05,1775396801000.0,-14.41759204864502,1775396801000.0,729.21875,1775396801000.0,,,,,,,,,,,,,,,,,,,,,,
8,8.0,1775396832000.0,0.3007030785083771,1775396832000.0,4.062424125095277e-05,1775396832000.0,0.0001239799466929,1775396832000.0,-33.38357877731323,1775396832000.0,664.578125,1775396832000.0,,,,,,,,,,,,,,,,,,,,,,
9,9.0,1775396865000.0,0.4356431663036346,1775396865000.0,5.514568283615517e-05,1775396865000.0,1.2780916165411329e-06,1775396865000.0,-39.270291328430176,1775396865000.0,671.203125,1775396865000.0,,,,,,,,,,,,,,,,,,,,,,
10,10.0,1775396897000.0,0.2961112260818481,1775396897000.0,8.118904588627629e-05,1775396897000.0,0.0001550464905903,1775396897000.0,-42.62492775917053,1775396897000.0,679.96875,1775396897000.0,,,,,,,,,,,,,,,,,,,,,,
11,11.0,1775396928000.0,0.2785292267799377,1775396928000.0,6.864032184239477e-05,1775396928000.0,0.0001077626560572,1775396928000.0,-49.83008527755737,1775396928000.0,702.9375,1775396928000.0,,,,,,,,,,,,,,,,,,,,,,
12,12.0,1775396989000.0,0.3978610038757324,1775396989000.0,7.304851851586136e-05,1775396989000.0,-0.0001043393676809,1775396989000.0,-63.0640025138855,1775396989000.0,680.140625,1775396989000.0,0.362,1775396989000.0,0.362,1775396989000.0,717.484375,1775396989000.0,0.4842079830682663,1775396989000.0,0.0878939001284871,1775396989000.0,717.484375,1775396989000.0,0.877122410778987,1775396989000.0,0.0012015508253887,1775396989000.0,0.9661270871327836,1775396989000.0,64.0,1775396989000.0,0.128,1775396989000.0
13,13.0,1775397023000.0,0.3315432071685791,1775397023000.0,7.7403399927789e-05,1775397023000.0,-8.769066765523803e-05,1775397023000.0,-9.792201042175291,1775397023000.0,796.34375,1775397023000.0,,,,,,,,,,,,,,,,,,,,,,
14,14.0,1775397054000.0,0.3025350570678711,1775397054000.0,6.542086953231774e-05,1775397054000.0,-1.9266808010343084e-05,1775397054000.0,-54.80018043518066,1775397054000.0,738.09375,1775397054000.0,,,,,,,,,,,,,,,,,,,,,,
15,15.0,1775397083000.0,0.3482323586940765,1775397083000.0,9.83605723376968e-05,1775397083000.0,-1.7366871816193452e-06,1775397083000.0,-37.75952959060669,1775397083000.0,610.28125,1775397083000.0,,,,,,,,,,,,,,,,,,,,,,
16,16.0,1775397114000.0,0.2986330389976501,1775397114000.0,0.000160920395956,1775397114000.0,0.000111183062927,1775397114000.0,-51.048216581344604,1775397114000.0,678.984375,1775397114000.0,,,,,,,,,,,,,,,,,,,,,,
17,17.0,1775397146000.0,0.3513293862342834,1775397146000.0,0.0001349191866211,1775397146000.0,-1.0685134839150123e-06,1775397146000.0,-35.12920379638672,1775397146000.0,726.71875,1775397146000.0,,,,,,,,,,,,,,,,,,,,,,
18,18.0,1775397208000.0,0.3227576315402984,1775397208000.0,0.0001429624235242,1775397208000.0,-0.0001925331162055,1775397208000.0,-76.23232531547546,1775397208000.0,764.90625,1775397208000.0,0.406,1775397208000.0,0.406,1775397208000.0,722.453125,1775397208000.0,0.4982398721610092,1775397208000.0,0.0912905249042974,1775397208000.0,722.453125,1775397208000.0,0.8674530901370439,1775397208000.0,0.0011290631055944,1775397208000.0,0.9661456696582938,1775397208000.0,64.0,1775397208000.0,0.128,1775397208000.0
19,19.0,1775397240000.0,0.2510409355163574,1775397240000.0,0.0001912769484988,1775397240000.0,0.0001184538241432,1775397240000.0,-53.711602210998535,1775397240000.0,716.0625,1775397240000.0,,,,,,,,,,,,,,,,,,,,,,
20,20.0,1775397272000.0,0.3031893074512481,1775397272000.0,0.0002815141547216,1775397272000.0,0.0002322666109648,1775397272000.0,-46.47698473930359,1775397272000.0,657.90625,1775397272000.0,,,,,,,,,,,,,,,,,,,,,,
21,21.0,1775397304000.0,0.3139682412147522,1775397304000.0,0.0002492665262252,1775397304000.0,-5.871331040907535e-05,1775397304000.0,-68.01893162727356,1775397304000.0,682.890625,1775397304000.0,,,,,,,,,,,,,,,,,,,,,,
22,22.0,1775397334000.0,0.2737869620323181,1775397334000.0,0.0002641325540935,1775397334000.0,-4.6316880343511e-05,1775397334000.0,-66.57417583465576,1775397334000.0,604.78125,1775397334000.0,,,,,,,,,,,,,,,,,,,,,,
23,23.0,1775397366000.0,0.3339662253856659,1775397366000.0,0.0002201922543463,1775397366000.0,-0.0002106217038999,1775397366000.0,-70.40666103363037,1775397366000.0,734.5625,1775397366000.0,,,,,,,,,,,,,,,,,,,,,,
24,24.0,1775397429000.0,0.4552841186523437,1775397429000.0,0.0003454429938756,1775397429000.0,-8.636067241241108e-05,1775397429000.0,-36.82379627227783,1775397429000.0,769.0,1775397429000.0,0.414,1775397429000.0,0.414,1775397429000.0,635.71875,1775397429000.0,0.4933499015257175,1775397429000.0,0.0900063904045617,1775397429000.0,635.71875,1775397429000.0,0.8724249895241434,1775397429000.0,0.0015835503325194,1775397429000.0,0.9662544142852424,1775397429000.0,64.0,1775397429000.0,0.128,1775397429000.0
25,25.0,1775397461000.0,0.2548577189445495,1775397461000.0,0.0002687551586859,1775397461000.0,-0.0001655521459724,1775397461000.0,-90.45414638519289,1775397461000.0,696.765625,1775397461000.0,,,,,,,,,,,,,,,,,,,,,,
26,26.0,1775397493000.0,0.3118935227394104,1775397493000.0,0.0003150873626509,1775397493000.0,-0.0001481135404901,1775397493000.0,-79.69416356086731,1775397493000.0,729.140625,1775397493000.0,,,,,,,,,,,,,,,,,,,,,,
27,27.0,1775397525000.0,0.3026589453220367,1775397525000.0,0.0003652944878922,1775397525000.0,4.172915384970111e-05,1775397525000.0,-102.8050012588501,1775397525000.0,712.515625,1775397525000.0,,,,,,,,,,,,,,,,,,,,,,
28,28.0,1775397557000.0,0.228617176413536,1775397557000.0,0.0005989474448142,1775397557000.0,-2.9320538033061897e-05,1775397557000.0,-101.88260126113892,1775397557000.0,662.0625,1775397557000.0,,,,,,,,,,,,,,,,,,,,,,
29,29.0,1775397590000.0,0.4142099022865295,1775397590000.0,0.0004188364118817,1775397590000.0,-0.0001336731591408,1775397590000.0,-89.89216351509094,1775397590000.0,703.578125,1775397590000.0,,,,,,,,,,,,,,,,,,,,,,
30,30.0,1775397653000.0,0.2122581899166107,1775397653000.0,0.0004800337487722,1775397653000.0,6.655903871433111e-05,1775397653000.0,-82.19309091567993,1775397653000.0,639.6875,1775397653000.0,0.45,1775397653000.0,0.45,1775397653000.0,757.625,1775397653000.0,0.8177097077771709,1775397653000.0,0.1316614420062696,1775397653000.0,757.625,1775397653000.0,0.8382501540807898,1775397653000.0,0.0011693830810065,1775397653000.0,0.9287345491606612,1775397653000.0,64.0,1775397653000.0,0.128,1775397653000.0
31,31.0,1775397683000.0,0.2181751877069473,1775397683000.0,0.0004899593222944,1775397683000.0,7.000426194281317e-05,1775397683000.0,-120.72083520889282,1775397683000.0,635.34375,1775397683000.0,,,,,,,,,,,,,,,,,,,,,,
32,32.0,1775397715000.0,0.2300547361373901,1775397715000.0,0.0005816870270791,1775397715000.0,3.588753770600306e-06,1775397715000.0,-138.96535968780518,1775397715000.0,671.4375,1775397715000.0,,,,,,,,,,,,,,,,,,,,,,
33,33.0,1775397746000.0,0.1946632117033004,1775397746000.0,0.0007278734074134,1775397746000.0,0.0003140850883482,1775397746000.0,-142.4532597064972,1775397746000.0,596.15625,1775397746000.0,,,,,,,,,,,,,,,,,,,,,,
34,34.0,1775397778000.0,0.2232601046562194,1775397778000.0,0.0006266941809371,1775397778000.0,-5.612489803752396e-05,1775397778000.0,-136.40365552902222,1775397778000.0,729.515625,1775397778000.0,,,,,,,,,,,,,,,,,,,,,,
35,35.0,1775397805000.0,0.3002408742904663,1775397805000.0,0.000860681207996,1775397805000.0,-0.0001127030884617,1775397805000.0,-118.62020683288574,1775397805000.0,597.015625,1775397805000.0,,,,,,,,,,,,,,,,,,,,,,
36,36.0,1775397864000.0,0.1926198750734329,1775397864000.0,0.0006815321594331,1775397864000.0,-1.9684752828652563e-05,1775397864000.0,-161.67204809188843,1775397864000.0,630.5625,1775397864000.0,0.47,1775397864000.0,0.47,1775397864000.0,599.78125,1775397864000.0,0.2870637053640391,1775397864000.0,0.0552545198770385,1775397864000.0,599.78125,1775397864000.0,0.907877016780537,1775397864000.0,0.0015638834774015,1775397864000.0,0.9879035971570038,1775397864000.0,64.0,1775397864000.0,0.128,1775397864000.0
37,37.0,1775397895000.0,0.3095183074474334,1775397895000.0,0.0006383892632584,1775397895000.0,-5.647634588967776e-05,1775397895000.0,-118.09939074516296,1775397895000.0,694.546875,1775397895000.0,,,,,,,,,,,,,,,,,,,,,,
38,38.0,1775397926000.0,0.2284274697303772,1775397926000.0,0.0009279778178097,1775397926000.0,0.0001819257576585,1775397926000.0,-145.5955741405487,1775397926000.0,679.953125,1775397926000.0,,,,,,,,,,,,,,,,,,,,,,
39,39.0,1775397956000.0,0.1855125725269317,1775397956000.0,0.0006745150922142,1775397956000.0,-9.503283035883214e-05,1775397956000.0,-194.20864129066467,1775397956000.0,615.546875,1775397956000.0,,,,,,,,,,,,,,,,,,,,,,
40,40.0,1775397986000.0,0.1758908182382583,1775397986000.0,0.0008675996687088,1775397986000.0,0.0002348147735347,1775397986000.0,-145.74066710472107,1775397986000.0,630.546875,1775397986000.0,,,,,,,,,,,,,,,,,,,,,,
41,41.0,1775398016000.0,0.2307638525962829,1775398016000.0,0.0008133353403536,1775398016000.0,0.0001455936521779,1775398016000.0,-129.69791436195374,1775398016000.0,675.796875,1775398016000.0,,,,,,,,,,,,,,,,,,,,,,
42,42.0,1775398077000.0,0.1814386695623397,1775398077000.0,0.0009643697521823,1775398077000.0,-4.229184810355946e-05,1775398077000.0,-165.65535020828247,1775398077000.0,692.421875,1775398077000.0,0.486,1775398077000.0,0.486,1775398077000.0,550.359375,1775398077000.0,0.3611662559031668,1775398077000.0,0.0675127047667717,1775398077000.0,550.359375,1775398077000.0,0.8955830710847282,1775398077000.0,0.0017646993979748,1775398077000.0,0.9792004664244848,1775398077000.0,64.0,1775398077000.0,0.128,1775398077000.0
43,43.0,1775398108000.0,0.2233384251594543,1775398108000.0,0.0010806116406456,1775398108000.0,-1.1205546002202029e-05,1775398108000.0,-142.96996545791626,1775398108000.0,640.140625,1775398108000.0,,,,,,,,,,,,,,,,,,,,,,
44,44.0,1775398139000.0,0.2000148147344589,1775398139000.0,0.0009663617438491,1775398139000.0,-4.117986463825218e-05,1775398139000.0,-152.2875714302063,1775398139000.0,635.984375,1775398139000.0,,,,,,,,,,,,,,,,,,,,,,
45,45.0,1775398170000.0,0.1763047873973846,1775398170000.0,0.0009504728495812,1775398170000.0,-1.8676846593734808e-05,1775398170000.0,-204.1209127902985,1775398170000.0,585.78125,1775398170000.0,,,,,,,,,,,,,,,,,,,,,,
46,46.0,1775398199000.0,0.1478623896837234,1775398199000.0,0.0009020363249874,1775398199000.0,2.2265927782427752e-05,1775398199000.0,-206.53623723983765,1775398199000.0,605.171875,1775398199000.0,,,,,,,,,,,,,,,,,,,,,,
47,47.0,1775398230000.0,0.1673717200756073,1775398230000.0,0.0011168647670274,1775398230000.0,7.330660264415201e-05,1775398230000.0,-192.92393851280207,1775398230000.0,598.65625,1775398230000.0,,,,,,,,,,,,,,,,,,,,,,
48,48.0,1775398291000.0,0.17143315076828,1775398291000.0,0.0010668971408449,1775398291000.0,9.04203357094957e-05,1775398291000.0,-190.1186170578003,1775398291000.0,624.578125,1775398291000.0,0.486,1775398291000.0,0.486,1775398291000.0,690.015625,1775398291000.0,0.3222259433720683,1775398291000.0,0.0642648490749756,1775398291000.0,690.015625,1775398291000.0,0.8987243006900532,1775398291000.0,0.0013746651735848,1775398291000.0,0.983974488661915,1775398291000.0,64.0,1775398291000.0,0.128,1775398291000.0
49,49.0,1775398322000.0,0.1638947427272796,1775398322000.0,0.0013671413380507,1775398322000.0,2.0882198953131592e-05,1775398322000.0,-174.8951780796051,1775398322000.0,660.96875,1775398322000.0,,,,,,,,,,,,,,,,,,,,,,
50,50.0,1775398354000.0,0.1527113020420074,1775398354000.0,0.001257795966012,1775398354000.0,5.7518873880724186e-05,1775398354000.0,-181.5847864151001,1775398354000.0,625.46875,1775398354000.0,,,,,,,,,,,,,,,,,,,,,,
51,51.0,1775398386000.0,0.1569402664899826,1775398386000.0,0.0011532133867149,1775398386000.0,-7.706186845268803e-05,1775398386000.0,-205.52427339553836,1775398386000.0,579.3125,1775398386000.0,,,,,,,,,,,,,,,,,,,,,,
52,52.0,1775398417000.0,0.1736534386873245,1775398417000.0,0.0012281546314625,1775398417000.0,0.0001116172854835,1775398417000.0,-187.24129796028137,1775398417000.0,572.5,1775398417000.0,,,,,,,,,,,,,,,,,,,,,,
53,53.0,1775398449000.0,0.1777440458536148,1775398449000.0,0.0011241811916988,1775398449000.0,-8.559911702832323e-05,1775398449000.0,-185.6552627086639,1775398449000.0,641.34375,1775398449000.0,,,,,,,,,,,,,,,,,,,,,,
54,54.0,1775398511000.0,0.1574837863445282,1775398511000.0,0.0011659397696348,1775398511000.0,0.0001852873010648,1775398511000.0,-204.786878824234,1775398511000.0,593.28125,1775398511000.0,0.512,1775398511000.0,0.512,1775398511000.0,544.53125,1775398511000.0,0.2986320563470958,1775398511000.0,0.0564131994261119,1775398511000.0,544.53125,1775398511000.0,0.9064614852839598,1775398511000.0,0.0017905825629918,1775398511000.0,0.9859807677522108,1775398511000.0,64.0,1775398511000.0,0.128,1775398511000.0
55,55.0,1775398545000.0,0.1612992733716964,1775398545000.0,0.0011197577568964,1775398545000.0,-6.909328783422097e-05,1775398545000.0,-173.44736003875732,1775398545000.0,674.265625,1775398545000.0,,,,,,,,,,,,,,,,,,,,,,
56,56.0,1775398577000.0,0.1570630222558975,1775398577000.0,0.0011600227189774,1775398577000.0,0.0001325158128793,1775398577000.0,-180.2516777515411,1775398577000.0,625.0625,1775398577000.0,,,,,,,,,,,,,,,,,,,,,,
57,57.0,1775398610000.0,0.2038021683692932,1775398610000.0,0.0013798581494484,1775398610000.0,-6.566719962464163e-05,1775398610000.0,-225.00454425811768,1775398610000.0,628.0625,1775398610000.0,,,,,,,,,,,,,,,,,,,,,,
58,58.0,1775398643000.0,0.1568076312541961,1775398643000.0,0.0014944443573767,1775398643000.0,-1.9634338229934656e-05,1775398643000.0,-208.92930936813352,1775398643000.0,598.359375,1775398643000.0,,,,,,,,,,,,,,,,,,,,,,
59,59.0,1775398676000.0,0.1533016711473465,1775398676000.0,0.0016736721045162,1775398676000.0,0.0001533907255861,1775398676000.0,-196.5311803817749,1775398676000.0,676.171875,1775398676000.0,,,,,,,,,,,,,,,,,,,,,,
60,60.0,1775398736000.0,0.1642860323190689,1775398736000.0,0.0010228224891761,1775398736000.0,-0.0001237637252415,1775398736000.0,-213.7448260784149,1775398736000.0,689.765625,1775398736000.0,0.494,1775398736000.0,0.494,1775398736000.0,608.03125,1775398736000.0,0.2748118026740456,1775398736000.0,0.0536310839286632,1775398736000.0,608.03125,1775398736000.0,0.9102990734262874,1775398736000.0,0.0014897802720856,1775398736000.0,0.9887057310901248,1775398736000.0,64.0,1775398736000.0,0.128,1775398736000.0
61,61.0,1775398764000.0,0.1457022428512573,1775398764000.0,0.0010147851662622,1775398764000.0,3.742718615740159e-05,1775398764000.0,-206.8614883422852,1775398764000.0,584.234375,1775398764000.0,,,,,,,,,,,,,,,,,,,,,,
62,62.0,1775398787000.0,0.1340269893407821,1775398787000.0,0.001361580176308,1775398787000.0,0.0001279090781736,1775398787000.0,-248.77241230010983,1775398787000.0,541.859375,1775398787000.0,,,,,,,,,,,,,,,,,,,,,,
63,63.0,1775398818000.0,0.1684482246637344,1775398818000.0,0.0010805817910295,1775398818000.0,4.2423006220815296e-05,1775398818000.0,-215.48466658592224,1775398818000.0,628.5,1775398818000.0,,,,,,,,,,,,,,,,,,,,,,
64,64.0,1775398848000.0,0.149040475487709,1775398848000.0,0.0011771475510613,1775398848000.0,0.0001091738522518,1775398848000.0,-232.35764265060425,1775398848000.0,615.5,1775398848000.0,,,,,,,,,,,,,,,,,,,,,,
65,65.0,1775398878000.0,0.1666719615459442,1775398878000.0,0.0016084872913779,1775398878000.0,-0.0001223898942726,1775398878000.0,-192.8212971687317,1775398878000.0,583.46875,1775398878000.0,,,,,,,,,,,,,,,,,,,,,,
66,66.0,1775398939000.0,0.1471111178398132,1775398939000.0,0.0015273727003659,1775398939000.0,-3.255949877711828e-05,1775398939000.0,-210.84646368026733,1775398939000.0,607.234375,1775398939000.0,0.498,1775398939000.0,0.498,1775398939000.0,617.90625,1775398939000.0,0.3354460850764206,1775398939000.0,0.0633945278915693,1775398939000.0,617.90625,1775398939000.0,0.9027600423197149,1775398939000.0,0.0015005918403088,1775398939000.0,0.9810270304528664,1775398939000.0,64.0,1775398939000.0,0.128,1775398939000.0
67,67.0,1775398970000.0,0.1720603108406067,1775398970000.0,0.0013098957751935,1775398970000.0,-4.01643863483514e-05,1775398970000.0,-190.94227504730225,1775398970000.0,646.375,1775398970000.0,,,,,,,,,,,,,,,,,,,,,,
68,68.0,1775399000000.0,0.1437075287103653,1775399000000.0,0.0012852149666287,1775399000000.0,-0.0001385521323413,1775399000000.0,-235.1790816783905,1775399000000.0,594.140625,1775399000000.0,,,,,,,,,,,,,,,,,,,,,,
69,69.0,1775399030000.0,0.1618591845035553,1775399030000.0,0.0015959581178321,1775399030000.0,-0.0001006731376946,1775399030000.0,-203.31750917434687,1775399030000.0,601.5625,1775399030000.0,,,,,,,,,,,,,,,,,,,,,,
70,70.0,1775399061000.0,0.1462350487709045,1775399061000.0,0.0013575300690717,1775399061000.0,-2.863066951874771e-05,1775399061000.0,-211.9998366832733,1775399061000.0,580.46875,1775399061000.0,,,,,,,,,,,,,,,,,,,,,,
71,71.0,1775399091000.0,0.145373985171318,1775399091000.0,0.0016616404573142,1775399091000.0,-0.0001267266379727,1775399091000.0,-225.42684125900269,1775399091000.0,579.359375,1775399091000.0,,,,,,,,,,,,,,,,,,,,,,
72,72.0,1775399151000.0,0.1483823210000991,1775399151000.0,0.0015711518863099,1775399151000.0,2.732686880335677e-06,1775399151000.0,-213.29355478286743,1775399151000.0,641.65625,1775399151000.0,0.522,1775399151000.0,0.522,1775399151000.0,597.8125,1775399151000.0,0.2457886115581155,1775399151000.0,0.0462362780972294,1775399151000.0,597.8125,1775399151000.0,0.917040552198108,1775399151000.0,0.0015805974805954,1775399151000.0,0.9910641498236648,1775399151000.0,64.0,1775399151000.0,0.128,1775399151000.0
73,73.0,1775399181000.0,0.1434030830860138,1775399181000.0,0.0017019534607243,1775399181000.0,-0.000102366261558,1775399181000.0,-243.88572454452515,1775399181000.0,598.65625,1775399181000.0,,,,,,,,,,,,,,,,,,,,,,
74,74.0,1775399212000.0,0.1392934322357177,1775399212000.0,0.001455596917367,1775399212000.0,0.0002368150614984,1775399212000.0,-242.805029630661,1775399212000.0,571.59375,1775399212000.0,,,,,,,,,,,,,,,,,,,,,,
75,75.0,1775399235000.0,0.1382285505533218,1775399235000.0,0.0017301062507613,1775399235000.0,-1.5973921762224563e-05,1775399235000.0,-221.51034593582156,1775399235000.0,547.515625,1775399235000.0,,,,,,,,,,,,,,,,,,,,,,
76,76.0,1775399265000.0,0.1330875754356384,1775399265000.0,0.0016480004123877,1775399265000.0,-7.110713886504527e-05,1775399265000.0,-231.33703994750977,1775399265000.0,550.21875,1775399265000.0,,,,,,,,,,,,,,,,,,,,,,
77,77.0,1775399295000.0,0.1466863304376602,1775399295000.0,0.0019090135792794,1775399295000.0,9.315688907918228e-05,1775399295000.0,-227.0268955230713,1775399295000.0,575.953125,1775399295000.0,,,,,,,,,,,,,,,,,,,,,,
78,78.0,1775399346000.0,0.1253340989351272,1775399346000.0,0.0019413551417528,1775399346000.0,-9.421862705494276e-05,1775399346000.0,-239.12993907928467,1775399346000.0,524.0,1775399346000.0,0.506,1775399346000.0,0.506,1775399346000.0,678.609375,1775399346000.0,0.2794549913953794,1775399346000.0,0.0528654647601943,1775399346000.0,678.609375,1775399346000.0,0.9100211286815986,1775399346000.0,0.0013199760235064,1775399346000.0,0.9878916050814618,1775399346000.0,64.0,1775399346000.0,0.128,1775399346000.0
79,79.0,1775399377000.0,0.1386405080556869,1775399377000.0,0.0019170444575138,1775399377000.0,-0.0001486170626776,1775399377000.0,-206.0881190299988,1775399377000.0,597.890625,1775399377000.0,,,,,,,,,,,,,,,,,,,,,,
80,80.0,1775399407000.0,0.1394005417823791,1775399407000.0,0.0018865461970563,1775399407000.0,-0.0001226697710876,1775399407000.0,-208.9922721385956,1775399407000.0,596.65625,1775399407000.0,,,,,,,,,,,,,,,,,,,,,,
81,81.0,1775399438000.0,0.136365070939064,1775399438000.0,0.0018052105369861,1775399438000.0,9.718072499254048e-05,1775399438000.0,-218.85402917861936,1775399438000.0,546.796875,1775399438000.0,,,,,,,,,,,,,,,,,,,,,,
82,82.0,1775399468000.0,0.1400072574615478,1775399468000.0,0.0018801394617184,1775399468000.0,7.831113612155605e-05,1775399468000.0,-217.3317213058472,1775399468000.0,578.125,1775399468000.0,,,,,,,,,,,,,,,,,,,,,,
83,83.0,1775399499000.0,0.1421774923801422,1775399499000.0,0.0020624127355404,1775399499000.0,-7.638996487457916e-05,1775399499000.0,-225.10708928108212,1775399499000.0,577.46875,1775399499000.0,,,,,,,,,,,,,,,,,,,,,,
84,84.0,1775399562000.0,0.1321932077407837,1775399562000.0,0.0022894724825164,1775399562000.0,8.349806194019038e-06,1775399562000.0,-235.1818950176239,1775399562000.0,584.296875,1775399562000.0,0.512,1775399562000.0,0.512,1775399562000.0,649.46875,1775399562000.0,0.2835392753044187,1775399562000.0,0.0548525236972525,1775399562000.0,649.46875,1775399562000.0,0.9076877858855236,1775399562000.0,0.0015103385391766,1775399562000.0,0.9883701971656392,1775399562000.0,64.0,1775399562000.0,0.128,1775399562000.0
85,85.0,1775399593000.0,0.1357350200414657,1775399593000.0,0.0019218179368181,1775399593000.0,-0.0002023841019536,1775399593000.0,-216.0869874954224,1775399593000.0,591.140625,1775399593000.0,,,,,,,,,,,,,,,,,,,,,,
86,86.0,1775399617000.0,0.128153920173645,1775399617000.0,0.0020972335696569,1775399617000.0,-8.800335592695774e-06,1775399617000.0,-246.72616147994995,1775399617000.0,518.71875,1775399617000.0,,,,,,,,,,,,,,,,,,,,,,
87,87.0,1775399647000.0,0.1245747730135917,1775399647000.0,0.0020728899835376,1775399647000.0,0.0001644627045607,1775399647000.0,-236.8716640472412,1775399647000.0,539.671875,1775399647000.0,,,,,,,,,,,,,,,,,,,,,,
88,88.0,1775399677000.0,0.1396254599094391,1775399677000.0,0.0023900963496998,1775399677000.0,-0.0001612457039747,1775399677000.0,-212.57179236412048,1775399677000.0,544.28125,1775399677000.0,,,,,,,,,,,,,,,,,,,,,,
89,89.0,1775399707000.0,0.1285610347986221,1775399707000.0,0.0021624688597512,1775399707000.0,-9.525996847514762e-05,1775399707000.0,-227.2629313468933,1775399707000.0,567.796875,1775399707000.0,,,,,,,,,,,,,,,,,,,,,,
90,90.0,1775399766000.0,0.1385771483182907,1775399766000.0,0.0022201863321242,1775399766000.0,0.0002467995152528,1775399766000.0,-235.71044087409973,1775399766000.0,561.328125,1775399766000.0,0.514,1775399766000.0,0.514,1775399766000.0,618.765625,1775399766000.0,0.273910335921172,1775399766000.0,0.0512865836721294,1775399766000.0,618.765625,1775399766000.0,0.9107490438020748,1775399766000.0,0.0014843321198704,1775399766000.0,0.9890334328564516,1775399766000.0,64.0,1775399766000.0,0.128,1775399766000.0
91,91.0,1775399797000.0,0.1403830200433731,1775399797000.0,0.002051915609627,1775399797000.0,-4.6961597433892166e-05,1775399797000.0,-223.2295277118683,1775399797000.0,591.046875,1775399797000.0,,,,,,,,,,,,,,,,,,,,,,
92,92.0,1775399828000.0,0.1268686056137085,1775399828000.0,0.0023433471433236,1775399828000.0,0.0002361240171921,1775399828000.0,-235.22467684745789,1775399828000.0,564.234375,1775399828000.0,,,,,,,,,,,,,,,,,,,,,,
93,93.0,1775399860000.0,0.1365826427936554,1775399860000.0,0.0024867822867236,1775399860000.0,-0.0001970639623323,1775399860000.0,-226.3144509792328,1775399860000.0,550.203125,1775399860000.0,,,,,,,,,,,,,,,,,,,,,,
94,94.0,1775399892000.0,0.1288849860429763,1775399892000.0,0.0024770678137429,1775399892000.0,0.000231345362863,1775399892000.0,-243.10944056510925,1775399892000.0,581.484375,1775399892000.0,,,,,,,,,,,,,,,,,,,,,,
95,95.0,1775399922000.0,0.1285024881362915,1775399922000.0,0.0026418248307891,1775399922000.0,4.304327291038135e-05,1775399922000.0,-229.0926010608673,1775399922000.0,539.109375,1775399922000.0,,,,,,,,,,,,,,,,,,,,,,
96,96.0,1775399983000.0,0.1457858830690384,1775399983000.0,0.0022195257988641,1775399983000.0,5.4591200523645966e-05,1775399983000.0,-228.86512279510492,1775399983000.0,545.78125,1775399983000.0,0.506,1775399983000.0,0.506,1775399983000.0,584.984375,1775399983000.0,0.2860421502420467,1775399983000.0,0.0550228371484281,1775399983000.0,584.984375,1775399983000.0,0.91003542194261,1775399983000.0,0.0015867102680123,1775399983000.0,0.9865975904300422,1775399983000.0,64.0,1775399983000.0,0.128,1775399983000.0
97,97.0,1775400015000.0,0.1275000274181366,1775400015000.0,0.0025215919158654,1775400015000.0,-1.66859591672619e-05,1775400015000.0,-242.93718814849856,1775400015000.0,536.0625,1775400015000.0,,,,,,,,,,,,,,,,,,,,,,
98,98.0,1775400039000.0,0.1193762123584747,1775400039000.0,0.0027833103813463,1775400039000.0,6.915021640452323e-05,1775400039000.0,-238.4686393737793,1775400039000.0,525.484375,1775400039000.0,,,,,,,,,,,,,,,,,,,,,,
99,99.0,1775400069000.0,0.1395676434040069,1775400069000.0,0.0031081115157576,1775400069000.0,-5.687107568519423e-05,1775400069000.0,-243.1862313747406,1775400069000.0,559.109375,1775400069000.0,,,,,,,,,,,,,,,,,,,,,,
100,100.0,1775400092000.0,0.121803767979145,1775400092000.0,0.0029607603137264,1775400092000.0,0.0002378298005396,1775400092000.0,-247.30173444747925,1775400092000.0,510.0,1775400092000.0,,,,,,,,,,,,,,,,,,,,,,
101,101.0,1775400126000.0,0.1638125479221344,1775400126000.0,0.0025846702847047,1775400126000.0,4.511457427724963e-05,1775400126000.0,-243.7524425983429,1775400126000.0,568.015625,1775400126000.0,,,,,,,,,,,,,,,,,,,,,,
102,102.0,1775400190000.0,0.1548734605312347,1775400190000.0,0.0030959600990172,1775400190000.0,-8.903757429834513e-05,1775400190000.0,-212.94025254249573,1775400190000.0,560.453125,1775400190000.0,0.548,1775400190000.0,0.548,1775400190000.0,610.34375,1775400190000.0,0.2349768670788986,1775400190000.0,0.044262966565972,1775400190000.0,610.34375,1775400190000.0,0.920751489330001,1775400190000.0,0.0015875036960779,1775400190000.0,0.9919357377930688,1775400190000.0,64.0,1775400190000.0,0.128,1775400190000.0
103,103.0,1775400218000.0,0.1200347617268562,1775400218000.0,0.003257569274865,1775400218000.0,9.13310370833642e-05,1775400218000.0,-244.4806523323059,1775400218000.0,522.125,1775400218000.0,,,,,,,,,,,,,,,,,,,,,,
104,104.0,1775400251000.0,0.1255562305450439,1775400251000.0,0.0030737942433916,1775400251000.0,-0.0001852258242251,1775400251000.0,-234.43660354614252,1775400251000.0,528.34375,1775400251000.0,,,,,,,,,,,,,,,,,,,,,,
105,105.0,1775400282000.0,0.139429971575737,1775400282000.0,0.0030507150513585,1775400282000.0,2.0747150188071828e-05,1775400282000.0,-215.16133069992063,1775400282000.0,581.78125,1775400282000.0,,,,,,,,,,,,,,,,,,,,,,
106,106.0,1775400313000.0,0.1442666053771973,1775400313000.0,0.0028895007999381,1775400313000.0,7.509067847877304e-05,1775400313000.0,-235.8918943405151,1775400313000.0,563.59375,1775400313000.0,,,,,,,,,,,,,,,,,,,,,,
107,107.0,1775400334000.0,0.1178771555423736,1775400334000.0,0.0034686207072809,1775400334000.0,-0.000288832346996,1775400334000.0,-249.1902666091919,1775400334000.0,491.15625,1775400334000.0,,,,,,,,,,,,,,,,,,,,,,
108,108.0,1775400393000.0,0.1368800103664398,1775400393000.0,0.0031331045975093,1775400393000.0,-2.620223949634237e-05,1775400393000.0,-230.30127811431885,1775400393000.0,587.640625,1775400393000.0,0.544,1775400393000.0,0.544,1775400393000.0,715.296875,1775400393000.0,0.2093826864662488,1775400393000.0,0.0394504030232202,1775400393000.0,715.296875,1775400393000.0,0.9267188667399524,1775400393000.0,0.0012903101668155,1775400393000.0,0.9935804997154192,1775400393000.0,64.0,1775400393000.0,0.128,1775400393000.0
109,109.0,1775400415000.0,0.1146159023046493,1775400415000.0,0.0030941429286031,1775400415000.0,-0.0001609216069482,1775400415000.0,-256.0615634918213,1775400415000.0,512.578125,1775400415000.0,,,,,,,,,,,,,,,,,,,,,,
110,110.0,1775400445000.0,0.1171426996588707,1775400445000.0,0.0030269225972006,1775400445000.0,-0.0001068195333573,1775400445000.0,-236.7492637634277,1775400445000.0,525.734375,1775400445000.0,,,,,,,,,,,,,,,,,,,,,,
111,111.0,1775400476000.0,0.1419321000576019,1775400476000.0,0.0033410685937269,1775400476000.0,-1.1570484730327737e-06,1775400476000.0,-231.42990016937256,1775400476000.0,548.015625,1775400476000.0,,,,,,,,,,,,,,,,,,,,,,
112,112.0,1775400507000.0,0.1287386864423751,1775400507000.0,0.0033502768565085,1775400507000.0,7.243511026899796e-05,1775400507000.0,-247.46416664123532,1775400507000.0,550.390625,1775400507000.0,,,,,,,,,,,,,,,,,,,,,,
113,113.0,1775400538000.0,0.1258628666400909,1775400538000.0,0.0033224174112547,1775400538000.0,-1.939674461937102e-05,1775400538000.0,-243.1060667037964,1775400538000.0,522.5,1775400538000.0,,,,,,,,,,,,,,,,,,,,,,
114,114.0,1775400604000.0,0.1325128674507141,1775400604000.0,0.0038770698592998,1775400604000.0,2.64099764990533e-06,1775400604000.0,-247.9215931892395,1775400604000.0,556.203125,1775400604000.0,0.558,1775400604000.0,0.558,1775400604000.0,574.234375,1775400604000.0,0.2108922346326394,1775400604000.0,0.0391009768441675,1775400604000.0,574.234375,1775400604000.0,0.92581302499269,1775400604000.0,0.0017086016226254,1775400604000.0,0.9945598173711072,1775400604000.0,64.0,1775400604000.0,0.128,1775400604000.0
115,115.0,1775400652000.0,0.1378881931304931,1775400652000.0,0.0036950563007849,1775400652000.0,7.502515654778108e-05,1775400652000.0,-243.45516109466556,1775400652000.0,549.1875,1775400652000.0,,,,,,,,,,,,,,,,,,,,,,
116,116.0,1775400699000.0,0.117170825600624,1775400699000.0,0.003597697650548,1775400699000.0,-7.599368399269224e-05,1775400699000.0,-243.1174845695496,1775400699000.0,545.140625,1775400699000.0,,,,,,,,,,,,,,,,,,,,,,
117,117.0,1775400741000.0,0.1245554387569427,1775400741000.0,0.0038244769675657,1775400741000.0,-0.0001620079220856,1775400741000.0,-243.8514790534973,1775400741000.0,531.046875,1775400741000.0,,,,,,,,,,,,,,,,,,,,,,
118,118.0,1775400784000.0,0.1132441982626915,1775400784000.0,0.0036840328684775,1775400784000.0,0.0002206799942996,1775400784000.0,-247.2952175140381,1775400784000.0,499.984375,1775400784000.0,,,,,,,,,,,,,,,,,,,,,,
119,119.0,1775400832000.0,0.129636213183403,1775400832000.0,0.0037607275007758,1775400832000.0,0.0002386615319096,1775400832000.0,-226.726722240448,1775400832000.0,527.484375,1775400832000.0,,,,,,,,,,,,,,,,,,,,,,
120,120.0,1775400906000.0,0.1224798560142517,1775400906000.0,0.003873523310176,1775400906000.0,0.0003039693560822,1775400906000.0,-255.9435272216797,1775400906000.0,533.140625,1775400906000.0,0.542,1775400906000.0,0.542,1775400906000.0,606.875,1775400906000.0,0.2142611810525094,1775400906000.0,0.0394696189495365,1775400906000.0,606.875,1775400906000.0,0.9246887002742622,1775400906000.0,0.0015709376980799,1775400906000.0,0.993779813175221,1775400906000.0,64.0,1775400906000.0,0.128,1775400906000.0
121,121.0,1775400948000.0,0.1164636611938476,1775400948000.0,0.0036308298513176,1775400948000.0,-3.923747362932773e-05,1775400948000.0,-236.3080575466156,1775400948000.0,517.5,1775400948000.0,,,,,,,,,,,,,,,,,,,,,,
122,122.0,1775400981000.0,0.1204888448119163,1775400981000.0,0.0039752922602929,1775400981000.0,0.0001513900739382,1775400981000.0,-239.6554517745972,1775400981000.0,495.09375,1775400981000.0,,,,,,,,,,,,,,,,,,,,,,
123,123.0,1775401031000.0,0.1229028701782226,1775401031000.0,0.0037178256534389,1775401031000.0,-4.880782398686279e-05,1775401031000.0,-226.4357569217682,1775401031000.0,522.65625,1775401031000.0,,,,,,,,,,,,,,,,,,,,,,
124,124.0,1775401073000.0,0.1526024788618087,1775401073000.0,0.00343349025934,1775401073000.0,3.535394267828451e-05,1775401073000.0,-256.0154733657837,1775401073000.0,534.90625,1775401073000.0,,,,,,,,,,,,,,,,,,,,,,
125,125.0,1775401113000.0,0.1239145770668983,1775401113000.0,0.0035882938973372,1775401113000.0,-0.0002714284438525,1775401113000.0,-234.4942364692688,1775401113000.0,530.390625,1775401113000.0,,,,,,,,,,,,,,,,,,,,,,
126,126.0,1775401184000.0,0.115628570318222,1775401184000.0,0.0041927836718969,1775401184000.0,-3.3230636290682014e-05,1775401184000.0,-240.3101716041565,1775401184000.0,492.609375,1775401184000.0,0.546,1775401184000.0,0.546,1775401184000.0,584.40625,1775401184000.0,0.2324689325371704,1775401184000.0,0.0434468744986899,1775401184000.0,584.40625,1775401184000.0,0.9205859454390416,1775401184000.0,0.0016311998909215,1775401184000.0,0.9925913944594216,1775401184000.0,64.0,1775401184000.0,0.128,1775401184000.0
127,127.0,1775401221000.0,0.1268468201160431,1775401221000.0,0.0036618762969737,1775401221000.0,6.099578274643136e-05,1775401221000.0,-243.2245960235596,1775401221000.0,561.390625,1775401221000.0,,,,,,,,,,,,,,,,,,,,,,
128,128.0,1775401257000.0,0.139455109834671,1775401257000.0,0.0038235278698266,1775401257000.0,-2.057116830656014e-05,1775401257000.0,-223.3772459030151,1775401257000.0,571.90625,1775401257000.0,,,,,,,,,,,,,,,,,,,,,,
129,129.0,1775401296000.0,0.1259019523859024,1775401296000.0,0.0037196688281255,1775401296000.0,-1.73000660197431e-05,1775401296000.0,-244.04620790481567,1775401296000.0,548.28125,1775401296000.0,,,,,,,,,,,,,,,,,,,,,,
130,130.0,1775401345000.0,0.1223173588514328,1775401345000.0,0.0040002111563808,1775401345000.0,-1.341366578344605e-05,1775401345000.0,-226.91525745391849,1775401345000.0,527.59375,1775401345000.0,,,,,,,,,,,,,,,,,,,,,,
131,131.0,1775401373000.0,0.1160956919193267,1775401373000.0,0.0042503450531512,1775401373000.0,0.0002564734409133,1775401373000.0,-230.4231195449829,1775401373000.0,498.140625,1775401373000.0,,,,,,,,,,,,,,,,,,,,,,
132,132.0,1775401438000.0,0.1342736631631851,1775401438000.0,0.0040154434900614,1775401438000.0,7.373451239800488e-06,1775401438000.0,-221.5634524822235,1775401438000.0,565.265625,1775401438000.0,0.516,1775401438000.0,0.516,1775401438000.0,627.375,1775401438000.0,0.2500109075431116,1775401438000.0,0.0468469814704124,1775401438000.0,627.375,1775401438000.0,0.9177064226784776,1775401438000.0,0.0014907384884742,1775401438000.0,0.9907917984929973,1775401438000.0,64.0,1775401438000.0,0.128,1775401438000.0
133,133.0,1775401480000.0,0.1316152662038803,1775401480000.0,0.004203053897072,1775401480000.0,-9.70416267591645e-05,1775401480000.0,-235.7021691799164,1775401480000.0,521.0625,1775401480000.0,,,,,,,,,,,,,,,,,,,,,,
134,134.0,1775401514000.0,0.1142205223441124,1775401514000.0,0.0041246612017857,1775401514000.0,4.615660736817517e-05,1775401514000.0,-235.7983536720276,1775401514000.0,519.765625,1775401514000.0,,,,,,,,,,,,,,,,,,,,,,
135,135.0,1775401541000.0,0.1149105504155159,1775401541000.0,0.0042175595881417,1775401541000.0,-2.8701550490950467e-05,1775401541000.0,-256.029676437378,1775401541000.0,506.0,1775401541000.0,,,,,,,,,,,,,,,,,,,,,,
136,136.0,1775401573000.0,0.116613745689392,1775401573000.0,0.0045898413227405,1775401573000.0,-0.0002178181421186,1775401573000.0,-256.08074951171875,1775401573000.0,511.265625,1775401573000.0,,,,,,,,,,,,,,,,,,,,,,
137,137.0,1775401607000.0,0.1152598336338996,1775401607000.0,0.0046498722804244,1775401607000.0,0.0001239924397395,1775401607000.0,-249.18126010894773,1775401607000.0,503.78125,1775401607000.0,,,,,,,,,,,,,,,,,,,,,,
138,138.0,1775401674000.0,0.1683994829654693,1775401674000.0,0.0045088327751727,1775401674000.0,5.860047485839459e-05,1775401674000.0,-228.8864827156067,1775401674000.0,548.921875,1775401674000.0,0.57,1775401674000.0,0.57,1775401674000.0,622.03125,1775401674000.0,0.2326585952674465,1775401674000.0,0.043381060035167,1775401674000.0,622.03125,1775401674000.0,0.9192371518849668,1775401674000.0,0.0014985105081653,1775401674000.0,0.992874065400128,1775401674000.0,64.0,1775401674000.0,0.128,1775401674000.0
139,139.0,1775401706000.0,0.1196280047297477,1775401706000.0,0.0043754505459219,1775401706000.0,-3.548996681956851e-05,1775401706000.0,-229.32693672180176,1775401706000.0,510.484375,1775401706000.0,,,,,,,,,,,,,,,,,,,,,,
140,140.0,1775401750000.0,0.1281761527061462,1775401750000.0,0.0044832494750153,1775401750000.0,1.378994267042799e-05,1775401750000.0,-240.0207223892212,1775401750000.0,524.875,1775401750000.0,,,,,,,,,,,,,,,,,,,,,,
141,141.0,1775401779000.0,0.1125091165304184,1775401779000.0,0.0042383261170471,1775401779000.0,-8.24010783162521e-05,1775401779000.0,-249.49996185302737,1775401779000.0,502.46875,1775401779000.0,,,,,,,,,,,,,,,,,,,,,,
142,142.0,1775401815000.0,0.1349657475948333,1775401815000.0,0.0041030167631106,1775401815000.0,-0.000140601038197,1775401815000.0,-243.4925575256348,1775401815000.0,555.3125,1775401815000.0,,,,,,,,,,,,,,,,,,,,,,
143,143.0,1775401858000.0,0.1209882423281669,1775401858000.0,0.003974504317739,1775401858000.0,5.7494119403145305e-06,1775401858000.0,-243.5041661262512,1775401858000.0,524.328125,1775401858000.0,,,,,,,,,,,,,,,,,,,,,,
144,144.0,1775401936000.0,0.1391976028680801,1775401936000.0,0.0047140172100625,1775401936000.0,-0.0001017431263363,1775401936000.0,-234.30576300621036,1775401936000.0,537.59375,1775401936000.0,0.532,1775401936000.0,0.532,1775401936000.0,593.90625,1775401936000.0,0.2167095346909954,1775401936000.0,0.0404367271770586,1775401936000.0,593.90625,1775401936000.0,0.924522616881441,1775401936000.0,0.0016644737620809,1775401936000.0,0.9934110997256966,1775401936000.0,64.0,1775401936000.0,0.128,1775401936000.0
145,145.0,1775401963000.0,0.1159088015556335,1775401963000.0,0.0044278288405621,1775401963000.0,7.646461210697453e-05,1775401963000.0,-247.2508130073547,1775401963000.0,496.765625,1775401963000.0,,,,,,,,,,,,,,,,,,,,,,
146,146.0,1775401997000.0,0.1139983758330345,1775401997000.0,0.0046837898480589,1775401997000.0,-3.4154326783664146e-05,1775401997000.0,-234.18304181098932,1775401997000.0,520.375,1775401997000.0,,,,,,,,,,,,,,,,,,,,,,
147,147.0,1775402041000.0,0.1184076964855194,1775402041000.0,0.0047908435080898,1775402041000.0,0.0001152616437138,1775402041000.0,-243.5581121444702,1775402041000.0,529.28125,1775402041000.0,,,,,,,,,,,,,,,,,,,,,,
148,148.0,1775402074000.0,0.1252716034650802,1775402074000.0,0.0051195110499975,1775402074000.0,-2.084135917357344e-05,1775402074000.0,-235.0709936618805,1775402074000.0,517.21875,1775402074000.0,,,,,,,,,,,,,,,,,,,,,,
149,149.0,1775402106000.0,0.1090235486626625,1775402106000.0,0.0050682119617704,1775402106000.0,-0.0002188413549504,1775402106000.0,-256.0781917572021,1775402106000.0,491.3125,1775402106000.0,,,,,,,,,,,,,,,,,,,,,,
150,150.0,1775402178000.0,0.1111280471086502,1775402178000.0,0.0047020777419675,1775402178000.0,-0.0002225542298219,1775402178000.0,-256.07834243774414,1775402178000.0,484.46875,1775402178000.0,0.54,1775402178000.0,0.54,1775402178000.0,518.6875,1775402178000.0,0.228310432817896,1775402178000.0,0.0420231353175081,1775402178000.0,518.6875,1775402178000.0,0.924065750669982,1775402178000.0,0.0018938457819335,1775402178000.0,0.9915814078533588,1775402178000.0,64.0,1775402178000.0,0.128,1775402178000.0
151,151.0,1775402216000.0,0.1498812735080719,1775402216000.0,0.0049990713159786,1775402216000.0,0.000137088025724,1775402216000.0,-241.82861518859863,1775402216000.0,507.515625,1775402216000.0,,,,,,,,,,,,,,,,,,,,,,
152,152.0,1775402255000.0,0.106607124209404,1775402255000.0,0.0047983264666981,1775402255000.0,0.0001110126733436,1775402255000.0,-255.9950017929077,1775402255000.0,485.34375,1775402255000.0,,,,,,,,,,,,,,,,,,,,,,
153,153.0,1775402296000.0,0.1127083450555801,1775402296000.0,0.0045762483641738,1775402296000.0,8.754874011174252e-05,1775402296000.0,-234.0905945301056,1775402296000.0,507.984375,1775402296000.0,,,,,,,,,,,,,,,,,,,,,,
154,154.0,1775402350000.0,0.1199901551008224,1775402350000.0,0.0045016821095487,1775402350000.0,-2.13874112691137e-05,1775402350000.0,-227.84784507751465,1775402350000.0,560.21875,1775402350000.0,,,,,,,,,,,,,,,,,,,,,,
155,155.0,1775402386000.0,0.1099250167608261,1775402386000.0,0.0051064287836197,1775402386000.0,-1.594062851495437e-05,1775402386000.0,-256.0270652770996,1775402386000.0,474.296875,1775402386000.0,,,,,,,,,,,,,,,,,,,,,,
156,156.0,1775402475000.0,0.1060429736971855,1775402475000.0,0.0046792603679932,1775402475000.0,-8.624934389445116e-05,1775402475000.0,-235.16422367095947,1775402475000.0,518.296875,1775402475000.0,0.578,1775402475000.0,0.578,1775402475000.0,624.109375,1775402475000.0,0.3048148287365403,1775402475000.0,0.058959016598653,1775402475000.0,624.109375,1775402475000.0,0.9058720171071046,1775402475000.0,0.0015642511431059,1775402475000.0,0.9840219295833966,1775402475000.0,64.0,1775402475000.0,0.128,1775402475000.0
157,157.0,1775402514000.0,0.1270574629306793,1775402514000.0,0.0046777089737588,1775402514000.0,-3.8634056409136974e-05,1775402514000.0,-220.42294120788577,1775402514000.0,526.765625,1775402514000.0,,,,,,,,,,,,,,,,,,,,,,
158,158.0,1775402560000.0,0.1058481782674789,1775402560000.0,0.0053458265174413,1775402560000.0,-0.0001937660621251,1775402560000.0,-256.07172870635986,1775402560000.0,494.765625,1775402560000.0,,,,,,,,,,,,,,,,,,,,,,
159,159.0,1775402606000.0,0.1099670007824897,1775402606000.0,0.0053864831861574,1775402606000.0,0.0001202495200232,1775402606000.0,-242.98212456703183,1775402606000.0,508.953125,1775402606000.0,,,,,,,,,,,,,,,,,,,,,,
160,160.0,1775402651000.0,0.1037660166621208,1775402651000.0,0.0055855931423138,1775402651000.0,-0.0001395902079366,1775402651000.0,-256.057954788208,1775402651000.0,479.265625,1775402651000.0,,,,,,,,,,,,,,,,,,,,,,
161,161.0,1775402700000.0,0.1166291907429695,1775402700000.0,0.0048987861082423,1775402700000.0,5.217441628246888e-05,1775402700000.0,-247.59565210342407,1775402700000.0,527.265625,1775402700000.0,,,,,,,,,,,,,,,,,,,,,,
162,162.0,1775402772000.0,0.1076262816786766,1775402772000.0,0.0055176708992803,1775402772000.0,-2.952719182758301e-05,1775402772000.0,-256.030668258667,1775402772000.0,489.171875,1775402772000.0,0.536,1775402772000.0,0.536,1775402772000.0,532.859375,1775402772000.0,0.2317361560688757,1775402772000.0,0.0441310148667272,1775402772000.0,532.859375,1775402772000.0,0.9213059806818138,1775402772000.0,0.0018857197335165,1775402772000.0,0.9923519587211272,1775402772000.0,64.0,1775402772000.0,0.128,1775402772000.0
163,163.0,1775402821000.0,0.109682448208332,1775402821000.0,0.004856411491346,1775402821000.0,-0.0001602027206217,1775402821000.0,-242.85211205482483,1775402821000.0,501.015625,1775402821000.0,,,,,,,,,,,,,,,,,,,,,,
164,164.0,1775402863000.0,0.1351969987154007,1775402863000.0,0.0056267806648975,1775402863000.0,0.0002277593316648,1775402863000.0,-242.95919799804688,1775402863000.0,534.734375,1775402863000.0,,,,,,,,,,,,,,,,,,,,,,
165,165.0,1775402896000.0,0.1154617667198181,1775402896000.0,0.0058054850014741,1775402896000.0,4.719111029771739e-05,1775402896000.0,-235.0144476890564,1775402896000.0,519.484375,1775402896000.0,,,,,,,,,,,,,,,,,,,,,,
166,166.0,1775402933000.0,0.1085957214236259,1775402933000.0,0.0056237831013277,1775402933000.0,-3.792495490451131e-05,1775402933000.0,-242.9706325531006,1775402933000.0,511.375,1775402933000.0,,,,,,,,,,,,,,,,,,,,,,
167,167.0,1775402963000.0,0.1049355641007423,1775402963000.0,0.0055288785079028,1775402963000.0,5.955941196589265e-05,1775402963000.0,-256.0079517364502,1775402963000.0,481.21875,1775402963000.0,,,,,,,,,,,,,,,,,,,,,,
168,168.0,1775403036000.0,0.106002353131771,1775403036000.0,0.00575540761929,1775403036000.0,-4.8052493809791486e-05,1775403036000.0,-246.51258850097656,1775403036000.0,486.046875,1775403036000.0,0.57,1775403036000.0,0.57,1775403036000.0,599.0625,1775403036000.0,0.2296446467416014,1775403036000.0,0.0450443401147626,1775403036000.0,599.0625,1775403036000.0,0.9215831678984496,1775403036000.0,0.0016327046681922,1775403036000.0,0.9922514850296076,1775403036000.0,64.0,1775403036000.0,0.128,1775403036000.0
169,169.0,1775403079000.0,0.1106643602252006,1775403079000.0,0.0054946744348853,1775403079000.0,-0.0001626297457733,1775403079000.0,-243.1281411647797,1775403079000.0,532.609375,1775403079000.0,,,,,,,,,,,,,,,,,,,,,,
170,170.0,1775403109000.0,0.1104124188423156,1775403109000.0,0.0056998953950824,1775403109000.0,-1.7501530862773507e-05,1775403109000.0,-243.0933623313904,1775403109000.0,510.625,1775403109000.0,,,,,,,,,,,,,,,,,,,,,,
171,171.0,1775403141000.0,0.1095480695366859,1775403141000.0,0.00553781974304,1775403141000.0,7.065344276213636e-05,1775403141000.0,-227.33095335960388,1775403141000.0,502.265625,1775403141000.0,,,,,,,,,,,,,,,,,,,,,,
172,172.0,1775403173000.0,0.1001049131155014,1775403173000.0,0.0055280783853959,1775403173000.0,1.582010781930876e-05,1775403173000.0,-256.01890659332275,1775403173000.0,470.1875,1775403173000.0,,,,,,,,,,,,,,,,,,,,,,
173,173.0,1775403208000.0,0.1014479994773864,1775403208000.0,0.0057022641703952,1775403208000.0,-0.0001326108756529,1775403208000.0,-256.0574035644531,1775403208000.0,480.28125,1775403208000.0,,,,,,,,,,,,,,,,,,,,,,
174,174.0,1775403277000.0,0.0965524613857269,1775403277000.0,0.0061683074454776,1775403277000.0,0.0001559483866913,1775403277000.0,-255.98202228546145,1775403277000.0,483.46875,1775403277000.0,0.576,1775403277000.0,0.576,1775403277000.0,554.625,1775403277000.0,0.2095224260343526,1775403277000.0,0.0381169709263015,1775403277000.0,554.625,1775403277000.0,0.9266223013333864,1775403277000.0,0.0017506752137144,1775403277000.0,0.9942112618103096,1775403277000.0,64.0,1775403277000.0,0.128,1775403277000.0
175,175.0,1775403307000.0,0.0998526513576507,1775403307000.0,0.0058912693348247,1775403307000.0,-2.339791376471112e-05,1775403307000.0,-256.03099632263184,1775403307000.0,467.84375,1775403307000.0,,,,,,,,,,,,,,,,,,,,,,
176,176.0,1775403340000.0,0.1001022011041641,1775403340000.0,0.0059847982483915,1775403340000.0,-9.480854990329136e-05,1775403340000.0,-240.39443254470825,1775403340000.0,473.1875,1775403340000.0,,,,,,,,,,,,,,,,,,,,,,
177,177.0,1775403382000.0,0.1117142587900161,1775403382000.0,0.0057382106169825,1775403382000.0,-6.3578109120499e-05,1775403382000.0,-242.8845934867859,1775403382000.0,522.640625,1775403382000.0,,,,,,,,,,,,,,,,,,,,,,
178,178.0,1775403428000.0,0.1096770837903022,1775403428000.0,0.0057228001969633,1775403428000.0,0.0001253452825551,1775403428000.0,-243.1253011226654,1775403428000.0,494.140625,1775403428000.0,,,,,,,,,,,,,,,,,,,,,,
179,179.0,1775403461000.0,0.0997842773795128,1775403461000.0,0.0056309757928829,1775403461000.0,0.0001612230452678,1775403461000.0,-246.476722240448,1775403461000.0,468.96875,1775403461000.0,,,,,,,,,,,,,,,,,,,,,,
180,180.0,1775403551000.0,0.0979107916355133,1775403551000.0,0.0057694035349413,1775403551000.0,7.454452128285993e-05,1775403551000.0,-256.00152492523193,1775403551000.0,476.5,1775403551000.0,0.59,1775403551000.0,0.59,1775403551000.0,550.65625,1775403551000.0,0.2947157930755485,1775403551000.0,0.0555303331252482,1775403551000.0,550.65625,1775403551000.0,0.9098282570425168,1775403551000.0,0.001821985755412,1775403551000.0,0.985163338006703,1775403551000.0,64.0,1775403551000.0,0.128,1775403551000.0
