paper_label,step,correct_token_entropy_mean,wrong_token_entropy_mean,entropy_gap_wrong_minus_correct,correct_top1_prob_mean,wrong_top1_prob_mean,top1_gap_correct_minus_wrong,correct_n,wrong_n
Base baseline (n=8),0,0.32654129134284127,0.9296762540533736,0.6031349627105324,0.8992886499122337,0.8159588736456793,0.08332977626655436,27,37
Base baseline (n=8),6,0.305296667796724,1.3747775281469028,1.0694808603501789,0.9037485806381002,0.7488351315259933,0.1549134491121068,34,30
Base baseline (n=8),12,0.36186693211396537,0.5780924646293416,0.21622553251537624,0.8973596394062042,0.8564208272625419,0.04093881214366235,30,34
Base baseline (n=8),18,0.25453273891597183,0.34918616822472326,0.09465342930875142,0.9157243467666007,0.8969693537111636,0.018754993055437152,37,27
Base baseline (n=8),24,0.20440805239809884,0.2637199947708531,0.05931194237275428,0.92761390209198,0.9147710015899256,0.012842900502054388,45,19
Base baseline (n=8),30,0.21923827876647314,0.31158599723130465,0.0923477184648315,0.9254811579982439,0.905024092644453,0.020457065353790882,48,16
Base baseline (n=8),36,0.18648023287887158,0.2435780026846462,0.057097769805774606,0.9346724230310192,0.9233924945195516,0.01127992851146753,46,18
Base baseline (n=8),42,0.16917573234864644,0.2365657851099968,0.06739005276135035,0.9390362598458115,0.9223711450894674,0.016665114756344135,49,15
Base baseline (n=8),48,0.1661934906049915,0.2470450152953466,0.08085152469035509,0.939386134562285,0.9196175138155619,0.019768620746723142,46,18
Base baseline (n=8),54,0.19258815186972522,0.23398455679416658,0.041396404924441355,0.9313788158552987,0.9205432613690694,0.010835554486229304,49,15
Base baseline (n=8),60,0.17035629250565354,0.3021281192700068,0.13177182676435328,0.9387342151330442,0.9087455749511719,0.029988640181872306,49,15
Base baseline (n=8),66,0.17899586838118883,0.2709243615468343,0.09192849316564547,0.9370543701308114,0.9160017728805542,0.02105259725025721,49,15
Base baseline (n=8),72,0.18968526646494865,0.3061886051935809,0.11650333872863222,0.9329715704917908,0.9103496883596692,0.022621882132121574,50,14
Base baseline (n=8),78,0.1908199522982944,0.3072382781654596,0.11641832586716522,0.9342806718566201,0.9083132803440094,0.025967391512610738,44,20
Base baseline (n=8),84,0.18550815992057323,0.22917945558826128,0.04367129566768804,0.934025798852627,0.9235489467779795,0.010476852074647547,52,12
Base baseline (n=8),90,0.16504165578795515,0.24329937746127447,0.07825772167331932,0.9399533751218215,0.9185154239336649,0.021437951188156612,46,18
Base baseline (n=8),96,0.1753455050131108,0.19285790885196014,0.017512403838849333,0.9379647437562334,0.9332551079637864,0.004709635792446987,47,17
Base baseline (n=8),102,0.17248477578163146,0.2161064078765256,0.04362163209489414,0.9375892865657807,0.9272200167179108,0.0103692698478699,50,14
Base baseline (n=8),108,0.1720005471972709,0.2506969952408005,0.07869644804352963,0.9372987265282489,0.9185956365921918,0.01870308993605707,47,17
Base baseline (n=8),114,0.18368501596980624,0.2722095384409553,0.08852452247114906,0.9348300867610507,0.9160418384953549,0.018788248265695806,45,19
Base baseline (n=8),120,0.1680580571293831,0.23074936709905924,0.06269130996967615,0.9389584951930576,0.9219445366608469,0.01701395853221077,45,19
Base baseline (n=8),126,0.16430196745528114,0.19918179363012314,0.034879826174842005,0.940736836857266,0.9321701228618622,0.008566713995403763,54,10
Base baseline (n=8),132,0.17017857380211354,0.25784076909933773,0.08766219529722419,0.9384288740158081,0.9181429828916278,0.020285891124180333,50,14
Base baseline (n=8),138,0.19475045465693183,0.2152860830227534,0.020535628365821568,0.9311982624384821,0.9288874983787536,0.0023107640597285206,49,15
Base baseline (n=8),144,0.16939864629039578,0.280546686397149,0.11114804010675325,0.9395541431857091,0.9165097429202154,0.023044400265493703,51,13
Base baseline (n=8),150,0.1652575798478781,0.19148343056440353,0.026225850716525445,0.9398739793721367,0.9348660936722388,0.005007885699897852,51,13
Base baseline (n=8),156,0.20186477419402865,0.297586364573554,0.09572159037952532,0.9302186184459262,0.9114370157844142,0.018781602661512076,45,19
Base baseline (n=8),162,0.181101483553648,0.1969969171498503,0.015895433596202296,0.9342196726799011,0.9368947403771537,-0.0026750676972525644,50,14
Base baseline (n=8),168,0.173115170489137,0.22854116621116796,0.05542599572203097,0.937788174702571,0.9271162301301956,0.010671944572375414,52,12
Base baseline (n=8),174,0.16346302400438154,0.2175140415628751,0.054051017558493564,0.9402003166626911,0.9266719182332357,0.013528398429455413,49,15
Base baseline (n=8),180,0.16477956226531495,0.23669746211346457,0.07191789984814961,0.9393757607074494,0.9245197106810177,0.014856050026431755,47,17
Base full-data,0,0.32654129134284127,0.9296762540533736,0.6031349627105324,0.8992886499122337,0.8159588736456793,0.08332977626655436,27,37
Base full-data,6,0.2648364881674449,0.6365147281218978,0.3716782399544529,0.9132999956607819,0.8483222617822535,0.06497773387852845,30,34
Base full-data,12,0.36594655833074025,0.7502324909999453,0.384285932669205,0.8981676476342337,0.834545558896558,0.06362208873767572,35,29
Base full-data,18,0.3049989350744196,0.6348904247085253,0.3298914896341057,0.9014389305501371,0.8560966098750079,0.04534232067512922,37,27
Base full-data,24,0.27357933753066593,1.0264205099748713,0.7528411724442055,0.9165541479984919,0.8021365281726632,0.11441761982582865,36,28
Base full-data,30,0.22985168149073917,0.5784796413622404,0.3486279598715012,0.9218382557233175,0.8675912540209921,0.054247001702325326,45,19
Base full-data,36,0.20757797587177026,0.2935816136499246,0.08600363777815431,0.928523063659668,0.9098828633626302,0.018640200297037723,46,18
Base full-data,42,0.2393450081348419,0.28843505641347483,0.04909004827863292,0.9211482167243957,0.9101963419663278,0.010951874758067914,45,19
Base full-data,48,0.1872873443948186,0.27314020362165237,0.08585285922683378,0.9334493810715883,0.9113379551304711,0.022111425941117147,46,18
Base full-data,54,0.19559314846992493,0.33240760024636984,0.1368144517764449,0.931624228755633,0.8985554836690426,0.03306874508659041,48,16
Base full-data,60,0.20211105689406395,0.19010246012892043,-0.012008596765143514,0.929967212677002,0.9355203041008541,-0.0055530914238520745,50,14
Base full-data,66,0.19332631126694058,0.5853014037840896,0.391975092517149,0.9319430667421092,0.8651783366998037,0.06676473004230554,46,18
Base full-data,72,0.18415992096066475,0.20087719282933644,0.016717271868671696,0.9343828582763671,0.9311962170260293,0.0031866412503378516,50,14
Base full-data,78,0.1972020335628518,0.25543680787086487,0.058234774308013076,0.9318997551287923,0.9141213148832321,0.01777844024556019,56,8
Base full-data,84,0.1741814163266396,0.22052802989880244,0.046346613572162826,0.937166943842051,0.9258363087972005,0.011330635044850546,49,15
Base full-data,90,0.16424523050395343,0.2759065081675847,0.11166127766363129,0.9399273831110734,0.9163978745539983,0.02352950855707503,52,12
Base full-data,96,0.17659132020039991,0.20488431056340536,0.02829299036300545,0.9372981266541914,0.9293496939871047,0.00794843266708678,55,9
Base full-data,102,0.1753213457018137,0.21833865770271846,0.04301731200090475,0.9371854078769684,0.925986396414893,0.011199011462075359,50,14
Base full-data,108,0.18213450881066146,0.3090572230517864,0.12692271424112495,0.9352504478560554,0.9054787814617157,0.029771666394339702,54,10
Base full-data,114,0.17203273211738893,0.343679535202682,0.1716468030852931,0.9375644379428455,0.88833037763834,0.0492340603045055,56,8
Base full-data,120,0.19162875821567932,0.18708460236137564,-0.0045441558543036775,0.9320936079295177,0.934445402838967,-0.0023517949094493673,53,11
Base full-data,126,0.1643664569339969,0.19214194102419746,0.02777548409020056,0.9402074152773077,0.9333097537358602,0.006897661541447442,55,9
Base full-data,132,0.18055507396252787,0.20890022466580074,0.02834515070327287,0.9341129161873643,0.9292906999588013,0.004822216228562937,49,15
Base full-data,138,0.16541335995901715,0.19390836440854603,0.028495004449528877,0.9395368933677674,0.936642607053121,0.002894286314646388,55,9
Base full-data,144,0.16564193720880308,0.1994642530168806,0.03382231580807751,0.9401549330928869,0.9336401564734322,0.006514776619454654,57,7
Base full-data,150,0.17987563633001769,0.19090718838075796,0.011031552050740273,0.9354560638849552,0.934696227312088,0.0007598365728671563,52,12
Base full-data,156,0.17074905175204372,0.36325443994540435,0.19250538819336063,0.9370309593630772,0.9068352488371042,0.03019571052597303,51,13
Base full-data,162,0.16921416192985417,0.1917419752904347,0.022527813360580545,0.9379957161451641,0.9336425406592233,0.00435317548594083,57,7
Base full-data,168,0.1649363745147219,0.24312154203653336,0.07818516752181146,0.9392998390472852,0.9192330688238144,0.02006677022347081,52,12
Base full-data,174,0.16381550109330215,0.2051190293648026,0.04130352827150047,0.9402144033953829,0.929781892082908,0.010432511312474912,53,11
Base full-data,180,0.16239605610277139,0.2089297610979814,0.04653370499521001,0.9399718198121763,0.9294944680654086,0.010477351746767671,51,13
Instruct baseline (n=8),0,0.10371608287096024,0.19871788596113524,0.095001803090175,0.9625738417280132,0.9605156977971395,0.002058143930873668,58,6
Instruct baseline (n=8),6,0.09514802522384204,1.9524514619261026,1.8573034367022605,0.9651819467544556,0.7719558738172054,0.19322607293725014,52,12
Instruct baseline (n=8),12,0.09960712734283063,0.3352637557046754,0.2356566283618448,0.9654649841158014,0.9473521113395691,0.018112872776232303,57,7
Instruct baseline (n=8),18,0.08769088875163686,1.0138613167736266,0.9261704280219897,0.9674036145210266,0.8658636278576322,0.10153998666339448,55,9
Instruct baseline (n=8),24,0.12932740318189775,1.0962950000539422,0.9669675968720445,0.9605746428881373,0.8626566790044308,0.09791796388370655,56,8
Instruct baseline (n=8),30,0.0850063097058681,0.587377667427063,0.5023713577211949,0.9682064652442932,0.9181264468601772,0.05008001838411602,57,7
Instruct baseline (n=8),36,0.09696795618920415,0.6380335375666618,0.5410655813774576,0.9651391660725629,0.8992305278778077,0.06590863819475523,54,10
Instruct baseline (n=8),42,0.09887847927483645,0.19396239519119263,0.09508391591635618,0.964420024915175,0.960362884733412,0.004057140181762953,55,9
Instruct baseline (n=8),48,0.08377454684753168,0.492108947464398,0.4083344006168663,0.9682860552218923,0.915281423500606,0.05300463172128622,57,7
Instruct baseline (n=8),54,0.09248724488312737,0.6514216938189098,0.5589344489357824,0.9665309148922301,0.9161909137453351,0.050340001146894964,57,7
Instruct baseline (n=8),60,0.10344816345656127,0.6119760764496667,0.5085279129931054,0.9638758364476656,0.9190368056297302,0.04483903081793539,57,7
Instruct baseline (n=8),66,0.09791243756026552,0.4912026545831135,0.393290217022848,0.9651920178480315,0.9299976485116142,0.0351943693364174,57,7
Instruct baseline (n=8),72,0.10775261738204531,0.3561248816549778,0.2483722642729325,0.9655417831880706,0.9407424330711365,0.024799350116934127,56,8
Instruct baseline (n=8),78,0.08488074147648979,0.6255565668855395,0.5406758254090497,0.967907825060058,0.9147612452507019,0.05314657980935611,57,7
Instruct baseline (n=8),84,0.0913077013434044,0.5983135877177119,0.5070058863743075,0.9673163582171712,0.9138994812965393,0.053416876920631906,56,8
Instruct baseline (n=8),90,0.0823437794389432,0.6806855563606534,0.5983417769217102,0.9687218613791884,0.900836169719696,0.06788569165949232,57,7
Instruct baseline (n=8),96,0.09582961866991561,0.4085012802055904,0.31267166153567477,0.966413512564542,0.9376067434038434,0.028806769160698575,57,7
Instruct baseline (n=8),102,0.08410332031678736,0.38787349845681873,0.3037701781400314,0.9686746691402636,0.9376941919326782,0.030980477207585344,57,7
Instruct baseline (n=8),108,0.08367409370839596,1.715250277891755,1.6315761841833591,0.9688294934374946,0.7957764975726604,0.17305299586483414,56,8
Instruct baseline (n=8),114,0.08871514285946715,0.31159969915946323,0.2228845562999961,0.9676402786682392,0.9438044726848602,0.023835805983378977,58,6
Instruct baseline (n=8),120,0.08015254756266421,0.6999763233794106,0.6198237758167464,0.9695646264336326,0.8917165663507249,0.07784806008290768,55,9
Instruct baseline (n=8),126,0.09018900192209653,0.5170646654441953,0.4268756635220987,0.966043237064566,0.9282633811235428,0.03777985594102318,56,8
Instruct baseline (n=8),132,0.08839031999761408,1.124007864130868,1.0356175441332538,0.9672894748774442,0.8499400880601671,0.11734938681727713,55,9
Instruct baseline (n=8),138,0.08849086729740654,0.6941782303154469,0.6056873630180404,0.9666179407525946,0.9034290075302124,0.06318893322238217,54,10
Instruct baseline (n=8),144,0.07659706180649144,1.914558689109981,1.8379616273034896,0.9706312939524651,0.7797611691057682,0.19087012484669685,56,8
Instruct baseline (n=8),150,0.10502676083282991,0.2698450419637892,0.1648182811309593,0.9649666157635776,0.9530277848243713,0.011938830939206224,55,9
Instruct baseline (n=8),156,0.08988418210563916,0.792028731200844,0.7021445490952049,0.9660749680229596,0.9010518044233322,0.06502316359962734,56,8
Instruct baseline (n=8),162,0.08830954030983978,0.29835222810506823,0.21004268779522844,0.9663992314426987,0.9480974972248077,0.01830173421789094,54,10
Instruct baseline (n=8),168,0.10941841941455314,0.1509486883878708,0.041530268973317644,0.9639382629558958,0.9663552145163218,-0.002416951560425984,58,6
Instruct baseline (n=8),174,0.08774359278114778,0.32873151358217,0.24098792080102222,0.9678318649530411,0.9386173263192177,0.029214538633823395,56,8
Instruct baseline (n=8),180,0.08722474308390367,0.4987976753285953,0.41157293224469166,0.9681275382376554,0.9251978056771415,0.04292973256051391,57,7
Instruct full-data,0,0.1037160826782728,0.19871788596113524,0.09500180328286244,0.9625738417280132,0.9605156977971395,0.002058143930873668,58,6
Instruct full-data,6,0.0856291272423484,0.7169228179587258,0.6312936907163774,0.9677145632830533,0.9080393844180636,0.05967517886498963,55,9
Instruct full-data,12,0.0937318692081853,0.432148101074355,0.33841623186616965,0.9661277668517932,0.9300987294742039,0.036029037377589335,57,7
Instruct full-data,18,0.08885781277181967,0.8468336022712968,0.7579757894994771,0.966632345937333,0.8854887539690192,0.08114359196831389,53,11
Instruct full-data,24,0.09574797566522632,0.6034662872552872,0.5077183115900609,0.9660177262205827,0.9106135283197675,0.05540419790081519,57,7
Instruct full-data,30,0.08861556940458037,0.2206796349750625,0.13206406557048211,0.966617961363359,0.958747022681766,0.007870938681592943,55,9
Instruct full-data,36,0.08732025790959597,0.7346464097499847,0.6473261518403888,0.9669344765799386,0.8984010592103004,0.06853341736963814,56,8
Instruct full-data,42,0.09824952335571344,0.19272150505672803,0.09447198170101459,0.9645879932169644,0.9611151760274713,0.003472817189493105,53,11
Instruct full-data,48,0.0965715645436655,1.2610644836510931,1.1644929191074276,0.9664238524018672,0.8407681839806693,0.1256556684211979,57,7
Instruct full-data,54,0.09246244294601574,0.22384904005697795,0.1313865971109622,0.966655551341542,0.956011176109314,0.010644375232228054,57,7
Instruct full-data,60,0.0805568299083798,1.7473314821720123,1.6667746522636324,0.9693019621902041,0.787245973944664,0.18205598824554015,54,10
Instruct full-data,66,0.08015249922339406,0.7402616124600172,0.6601091132366231,0.9698500356503895,0.8868640884757042,0.08298594717468533,56,8
Instruct full-data,72,0.08286197247382786,0.8989763809368014,0.8161144084629736,0.9688505179115704,0.8790591359138489,0.08979138199772152,56,8
Instruct full-data,78,0.07633898363980864,0.6986294649541378,0.6222904813143292,0.970285425228732,0.9084083437919617,0.06187708143677029,56,8
Instruct full-data,84,0.09462711009485968,0.6920456662774086,0.5974185561825489,0.9671504004248257,0.8960992197195689,0.07105118070525684,58,6
Instruct full-data,90,0.08463534572276107,0.3003824608666556,0.21574711514389452,0.9681292040306225,0.9435629418918065,0.024566262138816075,57,7
Instruct full-data,96,0.07810458209026944,0.590081045197116,0.5119764631068466,0.9703162973577326,0.9060277607705858,0.06428853658714684,55,9
Instruct full-data,102,0.08634679086891742,0.2834331914782524,0.197086400609335,0.9694039369451588,0.9553136030832926,0.0140903338618662,58,6
Instruct full-data,108,0.08024991831996224,0.4788220731748475,0.39857215485488523,0.9696877696297386,0.9292997188038297,0.040388050825908905,55,9
Instruct full-data,114,0.076646212014285,0.21039126647843254,0.13374505446414753,0.9711636261506514,0.9579706721835666,0.013192953967084864,55,9
Instruct full-data,120,0.08049897866492922,0.5535142918427786,0.47301531317784934,0.9702713857997548,0.9194115400314331,0.0508598457683217,55,9
Instruct full-data,126,0.07914057784413887,0.507524311542511,0.4283837336983721,0.9707817243317426,0.9246870160102845,0.04609470832145812,59,5
Instruct full-data,132,0.0867947363539746,0.23321401860032762,0.14641928224635303,0.9696430030621981,0.9496937819889614,0.01994922107323671,57,7
Instruct full-data,138,0.07536527953509774,0.4831024296581745,0.40773715012307676,0.9714979635817664,0.9303086698055267,0.0411892937762397,56,8
Instruct full-data,144,0.07894259777718357,0.3186144595965743,0.23967186181939074,0.9695143082312175,0.948243223130703,0.021271085100514564,56,8
Instruct full-data,150,0.07410791283473372,0.2821126086637378,0.20800469582900405,0.9713256593261447,0.9504039585590363,0.02092170076710842,56,8
Instruct full-data,156,0.08219865855893918,0.28508339636027813,0.20288473780133895,0.9691209984677178,0.9480997174978256,0.021021280969892198,56,8
Instruct full-data,162,0.08671950105706165,0.45249513536691666,0.365775634309855,0.9695311723084286,0.9177381992340088,0.05179297307441977,58,6
Instruct full-data,168,0.0771849640040544,0.3808332894529615,0.30364832544890713,0.9707994722483451,0.9348638824054173,0.03593558984292777,57,7
Instruct full-data,174,0.08094489175760955,0.5041904928428786,0.4232456010852691,0.9697153787863882,0.9300658106803894,0.039649568105998845,57,7
Instruct full-data,180,0.0740150139062551,0.1629238948225975,0.0889088809163424,0.9715070483977335,0.9668532695089068,0.004653778888826676,57,7
