slug,paper_label,plot_key,family,variant,step,sample_count,traced_count,traced_ratio,score,response_length,answer_tail_confidence,low_confidence_token_ratio,token_entropy_mean,eos_prob_final,top1_prob_mean
base_c_n8_baseline,Base baseline (n=8),BaseCN8,Base,Baseline,0,4000,8,0.002,0.3745,812.46875,0.8128798566467594,0.11598829957074486,0.6752286916598678,0.7339566613322962,0.851113623008132
base_c_n8_baseline,Base baseline (n=8),BaseCN8,Base,Baseline,6,4000,8,0.002,0.382,698.65625,0.7668884662416531,0.14109647474833764,0.8066158210858703,0.739394992741186,0.8311329013668001
base_c_n8_baseline,Base baseline (n=8),BaseCN8,Base,Baseline,12,4000,8,0.002,0.43,743.46875,0.8319349479861557,0.08824557658226695,0.47673674626275897,0.7481836999542286,0.8756108954548836
base_c_n8_baseline,Base baseline (n=8),BaseCN8,Base,Baseline,18,4000,8,0.002,0.46575,644.78125,0.8786464720033109,0.05495313946448732,0.2944646544056013,0.8957414054737266,0.9078120840713382
base_c_n8_baseline,Base baseline (n=8),BaseCN8,Base,Baseline,24,4000,8,0.002,0.4995,738.265625,0.9130938267335296,0.03978084806294646,0.22201628529001027,0.8722198426553994,0.9238011660054326
base_c_n8_baseline,Base baseline (n=8),BaseCN8,Base,Baseline,30,4000,8,0.002,0.52,588.578125,0.9049662165343761,0.04640979180112481,0.242325208382681,0.9371344637752536,0.9203668916597962
base_c_n8_baseline,Base baseline (n=8),BaseCN8,Base,Baseline,36,4000,8,0.002,0.52425,675.40625,0.9109819959849119,0.03663162210432347,0.2025389806367457,0.8912587641495547,0.9314999431371689
base_c_n8_baseline,Base baseline (n=8),BaseCN8,Base,Baseline,42,4000,8,0.002,0.53175,651.75,0.9189537642523646,0.03459399600978941,0.18497027596458793,0.9327224666854994,0.9351303735747933
base_c_n8_baseline,Base baseline (n=8),BaseCN8,Base,Baseline,48,4000,8,0.002,0.5385,676.703125,0.9389390237629414,0.035285582300275564,0.18893298192415386,0.9129521880671254,0.9338262099772692
base_c_n8_baseline,Base baseline (n=8),BaseCN8,Base,Baseline,54,4000,8,0.002,0.53825,603.390625,0.9195425426587462,0.03713964567577932,0.20229043427389115,0.9335726830807504,0.9288392327725887
base_c_n8_baseline,Base baseline (n=8),BaseCN8,Base,Baseline,60,4000,8,0.002,0.54425,702.109375,0.9200028581544757,0.037801241502165794,0.20124031440354884,0.9015409720891815,0.9317056275904179
base_c_n8_baseline,Base baseline (n=8),BaseCN8,Base,Baseline,66,4000,8,0.002,0.54475,654.734375,0.922366838902235,0.03767411582521163,0.200541608966887,0.9170840631255058,0.9321201676502824
base_c_n8_baseline,Base baseline (n=8),BaseCN8,Base,Baseline,72,4000,8,0.002,0.55325,634.8125,0.908917039167136,0.04006681551982183,0.21517037181183696,0.9490040593055546,0.9280230337753892
base_c_n8_baseline,Base baseline (n=8),BaseCN8,Base,Baseline,78,4000,8,0.002,0.54975,622.921875,0.9059701734222472,0.043253854011709336,0.22720067913178355,0.9163794664873485,0.9261658620089293
base_c_n8_baseline,Base baseline (n=8),BaseCN8,Base,Baseline,84,4000,8,0.002,0.539,590.765625,0.92216716427356,0.03472364576009568,0.19369652785826474,0.9511014723183255,0.9320613890886307
base_c_n8_baseline,Base baseline (n=8),BaseCN8,Base,Baseline,90,4000,8,0.002,0.55425,676.890625,0.9371062209829688,0.03430329651746433,0.18705164000857621,0.9150621950843607,0.9339239513501525
base_c_n8_baseline,Base baseline (n=8),BaseCN8,Base,Baseline,96,4000,8,0.002,0.568,566.65625,0.9360661320388317,0.03379355293145636,0.17999723728280514,0.9927485687658191,0.9367137467488647
base_c_n8_baseline,Base baseline (n=8),BaseCN8,Base,Baseline,102,4000,8,0.002,0.56,603.21875,0.9334381204098463,0.03129536276537692,0.18202700780238956,0.9148394040888944,0.9353210087865591
base_c_n8_baseline,Base baseline (n=8),BaseCN8,Base,Baseline,108,4000,8,0.002,0.5635,650.21875,0.9340679598972201,0.03585620228841435,0.19290429120883346,0.926795135589651,0.9323307182639837
base_c_n8_baseline,Base baseline (n=8),BaseCN8,Base,Baseline,114,4000,8,0.002,0.56175,612.390625,0.9266687333583832,0.04099388972099405,0.20996573357842863,0.9396318198022262,0.9292523255571723
base_c_n8_baseline,Base baseline (n=8),BaseCN8,Base,Baseline,120,4000,8,0.002,0.55625,620.359375,0.922193550504744,0.03463671317513217,0.1866695397766307,0.909518913273481,0.9339074762538075
base_c_n8_baseline,Base baseline (n=8),BaseCN8,Base,Baseline,126,4000,8,0.002,0.5535,536.859375,0.9414807576686144,0.031598472050973214,0.1697519402951002,0.9794417827169362,0.9393982877954841
base_c_n8_baseline,Base baseline (n=8),BaseCN8,Base,Baseline,132,4000,8,0.002,0.56175,621.546875,0.9353739572688937,0.0341912689327728,0.18935467902338132,0.8983816960168635,0.9339913353323936
base_c_n8_baseline,Base baseline (n=8),BaseCN8,Base,Baseline,138,4000,8,0.002,0.5495,590.46875,0.9355494165793061,0.03791248705238104,0.19956349255517125,0.9792639754365005,0.9306566771119833
base_c_n8_baseline,Base baseline (n=8),BaseCN8,Base,Baseline,144,4000,8,0.002,0.57225,629.640625,0.9357049912214279,0.03431886532052886,0.19197559193708003,0.965826200210513,0.9348732493817806
base_c_n8_baseline,Base baseline (n=8),BaseCN8,Base,Baseline,150,4000,8,0.002,0.55925,572.328125,0.92982386238873,0.0331447145799757,0.17058470577467233,0.9665612820535898,0.938856752589345
base_c_n8_baseline,Base baseline (n=8),BaseCN8,Base,Baseline,156,4000,8,0.002,0.57525,605.453125,0.9166421312838793,0.04492421662143897,0.23028212133795023,0.961227006471755,0.9246428301557899
base_c_n8_baseline,Base baseline (n=8),BaseCN8,Base,Baseline,162,4000,8,0.002,0.5715,562.5,0.9362233579158783,0.03130837048229296,0.18457860965281725,0.9623467060940467,0.9348048437386751
base_c_n8_baseline,Base baseline (n=8),BaseCN8,Base,Baseline,168,4000,8,0.002,0.57475,590.796875,0.9328654445707798,0.032544832763960585,0.1835075446870178,0.943575949879627,0.9357871850952506
base_c_n8_baseline,Base baseline (n=8),BaseCN8,Base,Baseline,174,4000,8,0.002,0.575,588.078125,0.9451875295490026,0.03204795667261351,0.17613123124465346,0.9738147202946188,0.9370295982807875
base_c_n8_baseline,Base baseline (n=8),BaseCN8,Base,Baseline,180,4000,8,0.002,0.57325,603.078125,0.9330873591825366,0.032491942271008156,0.1838827544124797,0.9880379629321396,0.9354296224191785
base_c_n1_group_ablation,Base small-group ablation (n=1),BaseCN1,Base,Small-group ablation,0,4000,8,0.002,0.363,762.75,0.8157055672636488,0.11023128501255997,0.6334195281378925,0.7781918246637679,0.8562504909932613
base_c_n1_group_ablation,Base small-group ablation (n=1),BaseCN1,Base,Small-group ablation,6,4000,8,0.002,0.371,742.765625,0.8343168791616336,0.09121198565117083,0.46160808752756566,0.7684179862506343,0.8759798342362046
base_c_n1_group_ablation,Base small-group ablation (n=1),BaseCN1,Base,Small-group ablation,12,4000,8,0.002,0.383,733.109375,0.8190101241343655,0.10015060527075548,0.5749311627587304,0.747616854536395,0.8634965452365577
base_c_n1_group_ablation,Base small-group ablation (n=1),BaseCN1,Base,Small-group ablation,18,4000,8,0.002,0.39275,826.109375,0.8248763956362382,0.09552389760210644,0.5200417393352836,0.712551812852253,0.8724743137136102
base_c_n1_group_ablation,Base small-group ablation (n=1),BaseCN1,Base,Small-group ablation,24,4000,8,0.002,0.40975,714.0625,0.8019805709482171,0.08845873715472408,0.4901419439120218,0.7957128688158288,0.8770191031508148
base_c_n1_group_ablation,Base small-group ablation (n=1),BaseCN1,Base,Small-group ablation,30,4000,8,0.002,0.42075,724.328125,0.8274224846973084,0.08750213903840631,0.423619921784848,0.8406027565861302,0.8813417456112802
base_c_n1_group_ablation,Base small-group ablation (n=1),BaseCN1,Base,Small-group ablation,36,4000,8,0.002,0.4385,808.5625,0.8660655562998727,0.07611505921522621,0.4211266349302605,0.816944321499082,0.8859962439164519
base_c_n1_group_ablation,Base small-group ablation (n=1),BaseCN1,Base,Small-group ablation,42,4000,8,0.002,0.467,691.078125,0.8721808230038732,0.07574273033242207,0.3975371507694945,0.8426997463526407,0.8910078727640212
base_c_n1_group_ablation,Base small-group ablation (n=1),BaseCN1,Base,Small-group ablation,48,4000,8,0.002,0.4725,600.9375,0.893427568487823,0.06253940836177208,0.31937286583706737,0.9051538617095776,0.90282316878438
base_c_n1_group_ablation,Base small-group ablation (n=1),BaseCN1,Base,Small-group ablation,54,4000,8,0.002,0.485,670.328125,0.8859224400293897,0.059134134789928794,0.3426463216310367,0.859916593714569,0.9055383447557688
base_c_n1_group_ablation,Base small-group ablation (n=1),BaseCN1,Base,Small-group ablation,60,4000,8,0.002,0.5035,614.875,0.8611271939007565,0.06568674472509883,0.33028936805203557,0.8815648649247405,0.9017514577135444
base_c_n1_group_ablation,Base small-group ablation (n=1),BaseCN1,Base,Small-group ablation,66,4000,8,0.002,0.50875,655.5625,0.9132420113310218,0.0526303256774554,0.2708263212116435,0.9158658654141536,0.9142255904152989
base_c_n1_group_ablation,Base small-group ablation (n=1),BaseCN1,Base,Small-group ablation,72,4000,8,0.002,0.512,574.484375,0.8963111909106374,0.051316910481546074,0.26987610768992454,0.9395640910541913,0.9143402008339763
base_c_n1_group_ablation,Base small-group ablation (n=1),BaseCN1,Base,Small-group ablation,78,4000,8,0.002,0.52225,627.75,0.9170003179460764,0.04397708358010277,0.23671148449648172,0.9062804503839184,0.9204089641571045
base_c_n1_group_ablation,Base small-group ablation (n=1),BaseCN1,Base,Small-group ablation,84,4000,8,0.002,0.52725,639.296875,0.9157266360707581,0.03900371730924235,0.21211529371794313,0.9115081096216596,0.9278629375621676
base_c_n1_group_ablation,Base small-group ablation (n=1),BaseCN1,Base,Small-group ablation,90,4000,8,0.002,0.52375,619.078125,0.921176340430975,0.038706618404830806,0.20602494024205953,0.9453615419103796,0.9291525073349476
base_c_n1_group_ablation,Base small-group ablation (n=1),BaseCN1,Base,Small-group ablation,96,4000,8,0.002,0.53075,672.125,0.9206590282265097,0.04354880571918329,0.22893651318736374,0.9333783729168991,0.9236473944038153
base_c_n1_group_ablation,Base small-group ablation (n=1),BaseCN1,Base,Small-group ablation,102,4000,8,0.002,0.5285,589.25,0.8972332329140045,0.04908645428076852,0.2612865592818707,0.9235456811558275,0.9201012528501451
base_c_n1_group_ablation,Base small-group ablation (n=1),BaseCN1,Base,Small-group ablation,108,4000,8,0.002,0.53025,634.25,0.8952258860226721,0.044757526004104875,0.2320120830554515,0.9258547345077643,0.9218344837427139
base_c_n1_group_ablation,Base small-group ablation (n=1),BaseCN1,Base,Small-group ablation,114,4000,8,0.002,0.538,544.953125,0.9227013885974884,0.03916379158181371,0.21156911086291075,0.9674033913765829,0.9284554095938802
base_c_n1_group_ablation,Base small-group ablation (n=1),BaseCN1,Base,Small-group ablation,120,4000,8,0.002,0.5445,569.609375,0.9267587102949619,0.03156058402964845,0.17479986092075706,0.943249869871674,0.9379538893699646
base_c_n1_group_ablation,Base small-group ablation (n=1),BaseCN1,Base,Small-group ablation,126,4000,8,0.002,0.5495,571.9375,0.927851403132081,0.03364333027275279,0.1864037028281018,0.9532018523326354,0.9346094066277146
base_c_n1_group_ablation,Base small-group ablation (n=1),BaseCN1,Base,Small-group ablation,132,4000,8,0.002,0.54425,672.75,0.9186223549768329,0.03530009115638677,0.18512395955622196,0.9298049788428897,0.9349859328940511
base_c_n1_group_ablation,Base small-group ablation (n=1),BaseCN1,Base,Small-group ablation,138,4000,8,0.002,0.543,571.078125,0.9366980446502566,0.03463236597599462,0.18370853154920042,0.9777625966915346,0.9353498267009854
base_c_n1_group_ablation,Base small-group ablation (n=1),BaseCN1,Base,Small-group ablation,144,4000,8,0.002,0.54575,619.734375,0.9246619399636984,0.03673411455383757,0.1980373333208263,0.928262957189062,0.9318620152771473
base_c_n1_group_ablation,Base small-group ablation (n=1),BaseCN1,Base,Small-group ablation,150,4000,8,0.002,0.5495,580.921875,0.933932420797646,0.033465039890870685,0.18554682383546606,0.9458724597957493,0.9344893386587501
base_c_n1_group_ablation,Base small-group ablation (n=1),BaseCN1,Base,Small-group ablation,156,4000,8,0.002,0.54275,571.453125,0.9323306931182742,0.03198130291275447,0.17535543907433748,0.9801814473178232,0.9376058019697666
base_c_n1_group_ablation,Base small-group ablation (n=1),BaseCN1,Base,Small-group ablation,162,4000,8,0.002,0.54875,609.71875,0.9286851165816188,0.03380223177373409,0.18266947113443166,0.942621335929619,0.935616728849709
base_c_n1_group_ablation,Base small-group ablation (n=1),BaseCN1,Base,Small-group ablation,168,4000,8,0.002,0.54775,602.90625,0.9215617296285927,0.03880765408030129,0.20977241592481732,0.9494296724394858,0.9283307464793324
base_c_n1_group_ablation,Base small-group ablation (n=1),BaseCN1,Base,Small-group ablation,174,4000,8,0.002,0.559,529.875,0.9188655931502581,0.03361372115614358,0.1873276053229347,0.9751690254967159,0.9343425808474422
base_c_n1_group_ablation,Base small-group ablation (n=1),BaseCN1,Base,Small-group ablation,180,4000,8,0.002,0.547,580.4375,0.900273151230067,0.048846669582417235,0.2811008564895019,0.9214564015991032,0.9226808473467827
base_d_weak_constraint,Base weak-regularization variant,BaseWeak,Base,Weak regularization,0,4000,8,0.002,0.3745,812.46875,0.8128798566467594,0.11598829957074486,0.6752286916598678,0.7339566613322962,0.851113623008132
base_d_weak_constraint,Base weak-regularization variant,BaseWeak,Base,Weak regularization,6,4000,8,0.002,0.38075,864.71875,0.7665586301591247,0.13213225893559866,0.741515805828385,0.6887766223364681,0.8353429650887847
base_d_weak_constraint,Base weak-regularization variant,BaseWeak,Base,Weak regularization,12,4000,8,0.002,0.41625,845.1875,0.8029653187986696,0.10394651946262456,0.585975700058043,0.7692175691248576,0.865963771706447
base_d_weak_constraint,Base weak-regularization variant,BaseWeak,Base,Weak regularization,18,4000,8,0.002,0.44025,727.34375,0.8649400100111961,0.056677704938920215,0.30139163229614496,0.8222178559516536,0.9068395551294088
base_d_weak_constraint,Base weak-regularization variant,BaseWeak,Base,Weak regularization,24,4000,8,0.002,0.4995,754.25,0.8658783121500164,0.05134235160949174,0.26945498504210263,0.7899646161262341,0.9144576005637646
base_d_weak_constraint,Base weak-regularization variant,BaseWeak,Base,Weak regularization,30,4000,8,0.002,0.51825,775.96875,0.9098711974802427,0.05572983699676115,0.3461928030010313,0.8212051917792976,0.9112335338722914
base_d_weak_constraint,Base weak-regularization variant,BaseWeak,Base,Weak regularization,36,4000,8,0.002,0.53225,639.359375,0.9359494289383292,0.03145265015336918,0.1902036095270887,0.8888701067523642,0.9345322456210852
base_d_weak_constraint,Base weak-regularization variant,BaseWeak,Base,Weak regularization,42,4000,8,0.002,0.5355,665.15625,0.9000703956262441,0.05268184250599006,0.32332402013707906,0.8931836797627581,0.918395719723776
base_d_weak_constraint,Base weak-regularization variant,BaseWeak,Base,Weak regularization,48,4000,8,0.002,0.5415,535.515625,0.915988290682435,0.03707528164522955,0.20368399878498167,0.9399005445917165,0.9310326473787427
base_d_weak_constraint,Base weak-regularization variant,BaseWeak,Base,Weak regularization,54,4000,8,0.002,0.55575,545.546875,0.9256365355104208,0.034251781151397154,0.18824331660289317,0.9579756070850268,0.9335898365825415
base_d_weak_constraint,Base weak-regularization variant,BaseWeak,Base,Weak regularization,60,4000,8,0.002,0.54675,589.84375,0.9183052591979504,0.03380761057633208,0.18544255482265726,0.9505476374769213,0.935501104220748
base_d_weak_constraint,Base weak-regularization variant,BaseWeak,Base,Weak regularization,66,4000,8,0.002,0.55275,599.125,0.9288234300911427,0.035584934914368205,0.1903079254552722,0.9320137408258595,0.9334083218127489
base_d_weak_constraint,Base weak-regularization variant,BaseWeak,Base,Weak regularization,72,4000,8,0.002,0.5525,650.6875,0.9342816611751914,0.03596878301323159,0.19308451900724322,0.945183352046209,0.9319398729130626
base_d_weak_constraint,Base weak-regularization variant,BaseWeak,Base,Weak regularization,78,4000,8,0.002,0.56,641.203125,0.8954963886644691,0.038009079777111765,0.19679021765477955,0.9041390300419282,0.9321514302864671
base_d_weak_constraint,Base weak-regularization variant,BaseWeak,Base,Weak regularization,84,4000,8,0.002,0.562,602.28125,0.9245883394032717,0.02961790581321111,0.170478229643777,0.9491117627016644,0.938833293505013
base_d_weak_constraint,Base weak-regularization variant,BaseWeak,Base,Weak regularization,90,4000,8,0.002,0.557,599.828125,0.9379812013357878,0.03259217878803611,0.17841409984976053,0.9331865073509676,0.9371136324480176
base_d_weak_constraint,Base weak-regularization variant,BaseWeak,Base,Weak regularization,96,4000,8,0.002,0.55775,766.9375,0.9308346416801214,0.037447338763740845,0.2138678570627235,0.868475359552136,0.9324081586673856
base_d_weak_constraint,Base weak-regularization variant,BaseWeak,Base,Weak regularization,102,4000,8,0.002,0.57475,623.0625,0.9403633745387197,0.03131268038850976,0.1725368705810979,0.915758461656701,0.939339330419898
base_d_weak_constraint,Base weak-regularization variant,BaseWeak,Base,Weak regularization,108,4000,8,0.002,0.5695,604.3125,0.9238535901531577,0.03280347895633895,0.17646023054840043,0.9366208950777183,0.93773955386132
base_d_weak_constraint,Base weak-regularization variant,BaseWeak,Base,Weak regularization,114,4000,8,0.002,0.56375,651.4375,0.9232845474034548,0.0340123281293927,0.18463621544651687,0.9234110395639046,0.9358089035376906
base_d_weak_constraint,Base weak-regularization variant,BaseWeak,Base,Weak regularization,120,4000,8,0.002,0.56575,569.21875,0.928579144179821,0.03194440477818716,0.17431667301570997,0.9822257878258824,0.9383187154307961
base_d_weak_constraint,Base weak-regularization variant,BaseWeak,Base,Weak regularization,126,4000,8,0.002,0.569,611.921875,0.9402183946222067,0.029938803032564465,0.1722880435991101,0.9486015722751524,0.9385557556524873
base_d_weak_constraint,Base weak-regularization variant,BaseWeak,Base,Weak regularization,132,4000,8,0.002,0.57475,549.640625,0.9334015613421798,0.029373671670327894,0.1663772176252678,0.9858319275081158,0.9401870602741838
base_d_weak_constraint,Base weak-regularization variant,BaseWeak,Base,Weak regularization,138,4000,8,0.002,0.5695,575.203125,0.9289684537798166,0.03358146311802557,0.18002221448114142,0.9061413656883865,0.9356925459578633
base_d_weak_constraint,Base weak-regularization variant,BaseWeak,Base,Weak regularization,144,4000,8,0.002,0.569,579.53125,0.9301995560526848,0.031407497692271136,0.16919022001093253,0.9951009703800082,0.9396773166954517
base_d_weak_constraint,Base weak-regularization variant,BaseWeak,Base,Weak regularization,150,4000,8,0.002,0.56775,600.828125,0.9449740350246429,0.028366532540530898,0.1557654447387904,0.9548841831181902,0.9433552138507366
base_d_weak_constraint,Base weak-regularization variant,BaseWeak,Base,Weak regularization,156,4000,8,0.002,0.569,559.84375,0.9315159637480974,0.029519176736357622,0.16316492180339992,0.9795686844736442,0.9413725323975086
base_d_weak_constraint,Base weak-regularization variant,BaseWeak,Base,Weak regularization,162,4000,8,0.002,0.56725,606.078125,0.9445648062974215,0.02814217305422062,0.15773652552161366,0.9421151009969377,0.9431458478793502
base_d_weak_constraint,Base weak-regularization variant,BaseWeak,Base,Weak regularization,168,4000,8,0.002,0.57,632.703125,0.931062126532197,0.027450499808765016,0.15448558947537094,0.9631230961531869,0.9442088166251779
base_d_weak_constraint,Base weak-regularization variant,BaseWeak,Base,Weak regularization,174,4000,8,0.002,0.5765,561.6875,0.9388493951410055,0.027287332275591325,0.1583746465621516,0.9777990495786071,0.9423373751342297
base_d_weak_constraint,Base weak-regularization variant,BaseWeak,Base,Weak regularization,180,4000,8,0.002,0.57475,578.609375,0.943669275380671,0.02935627276019659,0.15632654924411327,0.9737787619248194,0.9436556342989206
base_b_reward_shuffle,Base nominal control condition,BaseShuffle,Base,Nominal control,0,4000,8,0.002,0.3745,812.46875,0.8128798566467594,0.11598829957074486,0.6752286916598678,0.7339566613322962,0.851113623008132
base_b_reward_shuffle,Base nominal control condition,BaseShuffle,Base,Nominal control,6,4000,8,0.002,0.38925,844.453125,0.7908286755555309,0.1107986438437365,0.6306437025777996,0.7124251400306904,0.8549823667854071
base_b_reward_shuffle,Base nominal control condition,BaseShuffle,Base,Nominal control,12,4000,8,0.002,0.4325,786.578125,0.8257091813138686,0.10299704386852682,0.5490291436435655,0.6975440970983896,0.8632547815795988
base_b_reward_shuffle,Base nominal control condition,BaseShuffle,Base,Nominal control,18,4000,8,0.002,0.455,747.3125,0.898669664748013,0.056922699048300274,0.30483859858941287,0.8123479854981175,0.9066591272130609
base_b_reward_shuffle,Base nominal control condition,BaseShuffle,Base,Nominal control,24,4000,8,0.002,0.50275,686.40625,0.8734950637444854,0.060074620632804,0.315995657001622,0.8416783020326586,0.9064472364261746
base_b_reward_shuffle,Base nominal control condition,BaseShuffle,Base,Nominal control,30,4000,8,0.002,0.5155,681.109375,0.9191109016537666,0.0401946569327265,0.2152732473332435,0.8675697033263607,0.9268188718706369
base_b_reward_shuffle,Base nominal control condition,BaseShuffle,Base,Nominal control,36,4000,8,0.002,0.5275,592.3125,0.9020736473612487,0.043059023868408985,0.2340835474897176,0.927964254324525,0.9228991521522403
base_b_reward_shuffle,Base nominal control condition,BaseShuffle,Base,Nominal control,42,4000,8,0.002,0.52775,569.609375,0.9243714166805148,0.03802744076529052,0.20617967878933996,0.9397865922717331,0.9284603400155902
base_b_reward_shuffle,Base nominal control condition,BaseShuffle,Base,Nominal control,48,4000,8,0.002,0.53175,639.734375,0.9264965280890465,0.036996136434026994,0.20463259960524738,0.9045898260359885,0.9295680960640311
base_b_reward_shuffle,Base nominal control condition,BaseShuffle,Base,Nominal control,54,4000,8,0.002,0.53975,524.203125,0.9131437207106501,0.040119362267432734,0.21779846370918676,0.9781184944381494,0.9287205934524536
base_b_reward_shuffle,Base nominal control condition,BaseShuffle,Base,Nominal control,60,4000,8,0.002,0.54675,572.609375,0.9201692822389305,0.036497627952485345,0.20135263312840834,0.9399406304152295,0.9312183549627662
base_b_reward_shuffle,Base nominal control condition,BaseShuffle,Base,Nominal control,66,4000,8,0.002,0.54875,604.71875,0.9282639417797327,0.028903069302032236,0.17026841774350032,0.941686672383562,0.9395336238667369
base_b_reward_shuffle,Base nominal control condition,BaseShuffle,Base,Nominal control,72,4000,8,0.002,0.55375,605.3125,0.918527210393222,0.046301937007228844,0.25781003665179014,0.9314528122993289,0.9244885738007724
base_b_reward_shuffle,Base nominal control condition,BaseShuffle,Base,Nominal control,78,4000,8,0.002,0.55525,591.296875,0.893691640580073,0.04064199201820884,0.22186191973742098,0.9037693958693674,0.9254656173288822
base_b_reward_shuffle,Base nominal control condition,BaseShuffle,Base,Nominal control,84,4000,8,0.002,0.54925,684.828125,0.9149030023254454,0.037935806962195784,0.20755945215933025,0.9220133930772081,0.9311736281961203
base_b_reward_shuffle,Base nominal control condition,BaseShuffle,Base,Nominal control,90,4000,8,0.002,0.544,658.359375,0.923549011349678,0.037291500229912344,0.20304570777807385,0.9147153621278916,0.9301193747669458
base_b_reward_shuffle,Base nominal control condition,BaseShuffle,Base,Nominal control,96,4000,8,0.002,0.5475,707.015625,0.9237664653919637,0.04027593297359999,0.2133372687967494,0.8702541491416844,0.9273749506101012
base_b_reward_shuffle,Base nominal control condition,BaseShuffle,Base,Nominal control,102,4000,8,0.002,0.55175,634.8125,0.9417623784393072,0.0313072358694626,0.17804742208682,0.9140901772003431,0.9359195102006197
base_b_reward_shuffle,Base nominal control condition,BaseShuffle,Base,Nominal control,108,4000,8,0.002,0.56125,703.625,0.9390218881890178,0.03452456504601287,0.19293512927833945,0.9070931530380089,0.9336322052404284
base_b_reward_shuffle,Base nominal control condition,BaseShuffle,Base,Nominal control,114,4000,8,0.002,0.5725,620.59375,0.9131877338513732,0.042548099809209816,0.2193180602043867,0.9068210513240172,0.9265522453933954
base_b_reward_shuffle,Base nominal control condition,BaseShuffle,Base,Nominal control,120,4000,8,0.002,0.55925,615.453125,0.9351435462012887,0.036898565624142066,0.19914900127332658,0.9381725680671836,0.9313936959952116
base_b_reward_shuffle,Base nominal control condition,BaseShuffle,Base,Nominal control,126,4000,8,0.002,0.5625,580.5,0.9204916326561943,0.03837857331382111,0.2045740375178866,0.9390066899056857,0.931843183003366
base_b_reward_shuffle,Base nominal control condition,BaseShuffle,Base,Nominal control,132,4000,8,0.002,0.562,615.0,0.9296518685296178,0.03267680924182059,0.17580991587601602,0.9570691987715819,0.937284218147397
base_b_reward_shuffle,Base nominal control condition,BaseShuffle,Base,Nominal control,138,4000,8,0.002,0.56325,530.203125,0.9246785631403327,0.03189189766999334,0.17350224300753325,0.9637101111407254,0.937245930545032
base_b_reward_shuffle,Base nominal control condition,BaseShuffle,Base,Nominal control,144,4000,8,0.002,0.5615,544.484375,0.9093756261281669,0.04548311882535927,0.23510990769136697,0.9555265128147072,0.9236340122297406
base_b_reward_shuffle,Base nominal control condition,BaseShuffle,Base,Nominal control,150,4000,8,0.002,0.56075,738.25,0.916900304146111,0.03680082363280235,0.19299284822773188,0.8921164669330962,0.93219402898103
base_b_reward_shuffle,Base nominal control condition,BaseShuffle,Base,Nominal control,156,4000,8,0.002,0.55925,613.015625,0.9294458711519837,0.035731704148929566,0.185022798134014,0.9605347417188032,0.935993704944849
base_b_reward_shuffle,Base nominal control condition,BaseShuffle,Base,Nominal control,162,4000,8,0.002,0.5755,552.421875,0.941072610206902,0.03319592823390849,0.18179330800194293,0.9612098188553381,0.9357658931985497
base_b_reward_shuffle,Base nominal control condition,BaseShuffle,Base,Nominal control,168,4000,8,0.002,0.563,579.984375,0.9198596673086286,0.03332368160772603,0.18211233732290566,0.9513235506616696,0.9351514214649796
base_b_reward_shuffle,Base nominal control condition,BaseShuffle,Base,Nominal control,174,4000,8,0.002,0.56325,600.9375,0.9349313005805016,0.04155668924795464,0.24797751323785633,0.9458106374445294,0.9277600641362369
base_b_reward_shuffle,Base nominal control condition,BaseShuffle,Base,Nominal control,180,4000,8,0.002,0.5745,531.34375,0.9213907327502966,0.03572932210227009,0.18667401518905535,0.968836368064595,0.9342738194391131
instruct_b_reward_shuffle,Instruct nominal control condition,InstrShuffle,Instruct,Nominal control,0,4000,8,0.002,0.68375,473.25,0.9526396980509162,0.017585024510481162,0.11262250191066414,0.994733932428062,0.9623808907344937
instruct_b_reward_shuffle,Instruct nominal control condition,InstrShuffle,Instruct,Nominal control,6,4000,8,0.002,0.685,479.140625,0.9268419053405523,0.02103590029219049,0.14920111373066902,0.9632824286818504,0.960042373277247
instruct_b_reward_shuffle,Instruct nominal control condition,InstrShuffle,Instruct,Nominal control,12,4000,8,0.002,0.6875,473.75,0.9336574313929304,0.02797563818967319,0.193190224992577,0.9886806514114141,0.951701432466507
instruct_b_reward_shuffle,Instruct nominal control condition,InstrShuffle,Instruct,Nominal control,18,4000,8,0.002,0.68625,485.953125,0.931559553835541,0.02650770524633117,0.1990032087196596,0.9728562999516726,0.9532810468226671
instruct_b_reward_shuffle,Instruct nominal control condition,InstrShuffle,Instruct,Nominal control,24,4000,8,0.002,0.67575,517.96875,0.9381068946240703,0.023283404298126698,0.16290240903617814,0.964047985655779,0.9589459076523781
instruct_b_reward_shuffle,Instruct nominal control condition,InstrShuffle,Instruct,Nominal control,30,4000,8,0.002,0.6905,477.40625,0.9550155093893409,0.018072963692247868,0.1142838309169747,0.9861892787739635,0.9648690689355135
instruct_b_reward_shuffle,Instruct nominal control condition,InstrShuffle,Instruct,Nominal control,36,4000,8,0.002,0.69275,474.484375,0.9434193153865635,0.0189398273214465,0.12617102189688012,0.9888550164178014,0.9623030545189977
instruct_b_reward_shuffle,Instruct nominal control condition,InstrShuffle,Instruct,Nominal control,42,4000,8,0.002,0.68,479.3125,0.9475248698145151,0.017852969194791513,0.11598657950526103,0.9853784926235676,0.9628214323893189
instruct_b_reward_shuffle,Instruct nominal control condition,InstrShuffle,Instruct,Nominal control,48,4000,8,0.002,0.6795,479.65625,0.905468215525616,0.03373749417005456,0.2510440210462548,0.9756462452933192,0.9481085101142526
instruct_b_reward_shuffle,Instruct nominal control condition,InstrShuffle,Instruct,Nominal control,54,4000,8,0.002,0.6875,498.5625,0.9417625102214515,0.01839081157959299,0.12246187875280157,0.9592962763144897,0.9631470171734691
instruct_b_reward_shuffle,Instruct nominal control condition,InstrShuffle,Instruct,Nominal control,60,4000,8,0.002,0.69125,485.0625,0.9084300170943607,0.02856702170902281,0.21160096494713798,0.9682503459043801,0.953640891239047
instruct_b_reward_shuffle,Instruct nominal control condition,InstrShuffle,Instruct,Nominal control,66,4000,8,0.002,0.6905,474.53125,0.9289845793973655,0.022021669517926057,0.16734874347457662,0.966358580510132,0.9607703164219856
instruct_b_reward_shuffle,Instruct nominal control condition,InstrShuffle,Instruct,Nominal control,72,4000,8,0.002,0.688,468.484375,0.9253661609254777,0.0222126670742,0.16611916830879636,0.9635897879488766,0.9601478846743703
instruct_b_reward_shuffle,Instruct nominal control condition,InstrShuffle,Instruct,Nominal control,78,4000,8,0.002,0.69,476.109375,0.9196491437032819,0.024773651522991713,0.1750779568683356,0.9834042806178331,0.9575744867324829
instruct_b_reward_shuffle,Instruct nominal control condition,InstrShuffle,Instruct,Nominal control,84,4000,8,0.002,0.687,474.40625,0.9269090043380857,0.028552883846714394,0.21132487966679037,0.9717371356673539,0.9536679545417428
instruct_b_reward_shuffle,Instruct nominal control condition,InstrShuffle,Instruct,Nominal control,90,4000,8,0.002,0.69025,483.390625,0.9186288228956982,0.026298924702132354,0.2067518350086175,0.9719402352004636,0.955877935513854
instruct_b_reward_shuffle,Instruct nominal control condition,InstrShuffle,Instruct,Nominal control,96,4000,8,0.002,0.687,460.21875,0.9316795647609979,0.02296755274073803,0.15568927343701944,0.9901598724536598,0.9594160038977861
instruct_b_reward_shuffle,Instruct nominal control condition,InstrShuffle,Instruct,Nominal control,102,4000,8,0.002,0.6885,498.78125,0.9654349582269788,0.015848675760935294,0.10196013713721186,0.9980039987713099,0.9666765499860048
instruct_b_reward_shuffle,Instruct nominal control condition,InstrShuffle,Instruct,Nominal control,108,4000,8,0.002,0.68475,471.125,0.9272156606893986,0.025434557956032222,0.18645484640728682,0.9731269991025329,0.9580898554995656
instruct_b_reward_shuffle,Instruct nominal control condition,InstrShuffle,Instruct,Nominal control,114,4000,8,0.002,0.69425,481.1875,0.951975473202765,0.019359044279553927,0.11858201737049967,0.9913640441372991,0.9640136556699872
instruct_b_reward_shuffle,Instruct nominal control condition,InstrShuffle,Instruct,Nominal control,120,4000,8,0.002,0.686,493.453125,0.9420620389282703,0.01638097369504976,0.10434769379207864,0.9919707588851452,0.9664737237617373
instruct_b_reward_shuffle,Instruct nominal control condition,InstrShuffle,Instruct,Nominal control,126,4000,8,0.002,0.685,498.0,0.9632178386673331,0.014980091091274517,0.09743664035340771,0.9958259230479598,0.9670299319550395
instruct_b_reward_shuffle,Instruct nominal control condition,InstrShuffle,Instruct,Nominal control,132,4000,8,0.002,0.689,482.546875,0.950684039387852,0.01979791857957025,0.1409175622393377,0.9946146300062537,0.9627994000911713
instruct_b_reward_shuffle,Instruct nominal control condition,InstrShuffle,Instruct,Nominal control,138,4000,8,0.002,0.69225,474.140625,0.9324817550368607,0.02168482461820531,0.15606733952881768,0.987869375385344,0.960467672906816
instruct_b_reward_shuffle,Instruct nominal control condition,InstrShuffle,Instruct,Nominal control,144,4000,8,0.002,0.69125,474.03125,0.9365383122785715,0.019571799184632255,0.1374870758736506,0.971483705798164,0.9624491594731808
instruct_b_reward_shuffle,Instruct nominal control condition,InstrShuffle,Instruct,Nominal control,150,4000,8,0.002,0.6865,490.3125,0.9289261164085474,0.022997655789367855,0.16188287938712165,0.9810963573399931,0.9595998600125313
instruct_b_reward_shuffle,Instruct nominal control condition,InstrShuffle,Instruct,Nominal control,156,4000,8,0.002,0.68825,456.65625,0.9396276071638567,0.024597724859631853,0.1867156223161146,0.9854477364569902,0.957365452311933
instruct_b_reward_shuffle,Instruct nominal control condition,InstrShuffle,Instruct,Nominal control,162,4000,8,0.002,0.68575,448.0625,0.9578969581052661,0.015188927340204827,0.10022066696546972,0.9899914339184761,0.9672956373542547
instruct_b_reward_shuffle,Instruct nominal control condition,InstrShuffle,Instruct,Nominal control,168,4000,8,0.002,0.68625,480.921875,0.9241223223507404,0.029063704969303217,0.21830142807448283,0.9754792000167072,0.9536177297122777
instruct_b_reward_shuffle,Instruct nominal control condition,InstrShuffle,Instruct,Nominal control,174,4000,8,0.002,0.69625,467.703125,0.9312784687936073,0.02927726076450199,0.21354295749915764,0.9798686469439417,0.9541080398485065
instruct_b_reward_shuffle,Instruct nominal control condition,InstrShuffle,Instruct,Nominal control,180,4000,8,0.002,0.69325,486.09375,0.9381158373435028,0.032324018560757395,0.26441797584993765,0.9928879784420133,0.9494980950839818
instruct_c_n8_baseline,Instruct baseline (n=8),InstrCN8,Instruct,Baseline,0,4000,8,0.002,0.68375,473.25,0.9526396980509162,0.017585024510481162,0.11262250191066414,0.994733932428062,0.9623808907344937
instruct_c_n8_baseline,Instruct baseline (n=8),InstrCN8,Instruct,Baseline,6,4000,8,0.002,0.68075,504.671875,0.8871731654799078,0.05440450886453618,0.4433924196055159,0.9198625022545457,0.9289520580787212
instruct_c_n8_baseline,Instruct baseline (n=8),InstrCN8,Instruct,Baseline,12,4000,8,0.002,0.6805,470.3125,0.9456389902770752,0.019057017718296265,0.1253820710699074,0.9702596863353392,0.963483888655901
instruct_c_n8_baseline,Instruct baseline (n=8),InstrCN8,Instruct,Baseline,18,4000,8,0.002,0.688,493.484375,0.909700405325566,0.029181518435507314,0.21793360519222915,0.9705931940115988,0.9531245538964868
instruct_c_n8_baseline,Instruct baseline (n=8),InstrCN8,Instruct,Baseline,24,4000,8,0.002,0.68225,487.578125,0.9207492602508864,0.03260387512636953,0.2501983527909033,0.967505179985892,0.948334897402674
instruct_c_n8_baseline,Instruct baseline (n=8),InstrCN8,Instruct,Baseline,30,4000,8,0.002,0.6875,469.078125,0.9455961745698005,0.019730062304006424,0.1399531769566238,0.9818844147957861,0.9627289632335305
instruct_c_n8_baseline,Instruct baseline (n=8),InstrCN8,Instruct,Baseline,36,4000,8,0.002,0.6895,466.46875,0.9223445812240243,0.027189771422854392,0.1815094532794319,0.9845856549218297,0.9548409413546324
instruct_c_n8_baseline,Instruct baseline (n=8),InstrCN8,Instruct,Baseline,42,4000,8,0.002,0.68175,479.5625,0.949353788048029,0.01698242512793513,0.11224965495057404,0.9950609318912029,0.9638494895771146
instruct_c_n8_baseline,Instruct baseline (n=8),InstrCN8,Instruct,Baseline,48,4000,8,0.002,0.68775,449.03125,0.9291022797115147,0.0205041856461321,0.12843612191500142,0.9849321478977799,0.9624886736273766
instruct_c_n8_baseline,Instruct baseline (n=8),InstrCN8,Instruct,Baseline,54,4000,8,0.002,0.6915,473.40625,0.9385410319082439,0.021087689648993546,0.15362070023547858,0.9927142821252346,0.9610249772667885
instruct_c_n8_baseline,Instruct baseline (n=8),InstrCN8,Instruct,Baseline,60,4000,8,0.002,0.688,474.375,0.933322754688561,0.022516584351251367,0.15906840394018218,0.9808481147047132,0.9589715674519539
instruct_c_n8_baseline,Instruct baseline (n=8),InstrCN8,Instruct,Baseline,66,4000,8,0.002,0.68775,478.125,0.9393843160942197,0.020851920769928256,0.14092855504713953,0.9642743270960636,0.9613426337018609
instruct_c_n8_baseline,Instruct baseline (n=8),InstrCN8,Instruct,Baseline,72,4000,8,0.002,0.68575,484.796875,0.9358961349353194,0.020755566212756094,0.13879915041616186,0.9796000602655113,0.9624418644234538
instruct_c_n8_baseline,Instruct baseline (n=8),InstrCN8,Instruct,Baseline,78,4000,8,0.002,0.688,468.203125,0.9232948428689269,0.02077017967530992,0.1440171598806046,0.9628882264369167,0.9620949178934097
instruct_c_n8_baseline,Instruct baseline (n=8),InstrCN8,Instruct,Baseline,84,4000,8,0.002,0.685,474.21875,0.932987140622572,0.020389727669680724,0.15468343714019284,0.9730685530230403,0.9606392486020923
instruct_c_n8_baseline,Instruct baseline (n=8),InstrCN8,Instruct,Baseline,90,4000,8,0.002,0.69375,476.0,0.9322031257906929,0.020147709481534548,0.14778741128975525,0.9826030731201172,0.9612968638539314
instruct_c_n8_baseline,Instruct baseline (n=8),InstrCN8,Instruct,Baseline,96,4000,8,0.002,0.6935,468.609375,0.9377373646711931,0.018445353907736717,0.13002808165038005,0.9838881157338619,0.9632627721875906
instruct_c_n8_baseline,Instruct baseline (n=8),InstrCN8,Instruct,Baseline,102,4000,8,0.002,0.68325,488.09375,0.9493416326586157,0.017886896846903255,0.11732818355085328,0.9872743608430028,0.965286179445684
instruct_c_n8_baseline,Instruct baseline (n=8),InstrCN8,Instruct,Baseline,108,4000,8,0.002,0.68925,466.5,0.9253960420610383,0.03554797001197585,0.28762111673131585,0.9730708301067352,0.9471978689543903
instruct_c_n8_baseline,Instruct baseline (n=8),InstrCN8,Instruct,Baseline,114,4000,8,0.002,0.6845,482.890625,0.9527963371947408,0.01808462575354497,0.10961057001259178,0.9907892737537622,0.9654056718572974
instruct_c_n8_baseline,Instruct baseline (n=8),InstrCN8,Instruct,Baseline,120,4000,8,0.002,0.6955,480.59375,0.9402857136446983,0.024469603660691064,0.16731526603689417,0.9803563794121146,0.9586172429844737
instruct_c_n8_baseline,Instruct baseline (n=8),InstrCN8,Instruct,Baseline,126,4000,8,0.002,0.68825,481.09375,0.9486572830937803,0.020352558229205897,0.14354845986235887,0.9816596311429748,0.961320755071938
instruct_c_n8_baseline,Instruct baseline (n=8),InstrCN8,Instruct,Baseline,132,4000,8,0.002,0.68675,488.859375,0.9158948742551729,0.032741268070822116,0.2340240371413529,0.9643412045552395,0.9507872173562646
instruct_c_n8_baseline,Instruct baseline (n=8),InstrCN8,Instruct,Baseline,138,4000,8,0.002,0.68225,473.234375,0.9435457149520516,0.024982840222946834,0.18312951776897535,0.9839445645920932,0.9567446699365973
instruct_c_n8_baseline,Instruct baseline (n=8),InstrCN8,Instruct,Baseline,144,4000,8,0.002,0.69375,477.890625,0.9249437928083353,0.03606003806271474,0.30634226521942765,0.9879518989473581,0.946772528346628
instruct_c_n8_baseline,Instruct baseline (n=8),InstrCN8,Instruct,Baseline,150,4000,8,0.002,0.692,471.25,0.9546670950949192,0.01892445984049118,0.12820433161687106,0.9848797805607319,0.9632877176627517
instruct_c_n8_baseline,Instruct baseline (n=8),InstrCN8,Instruct,Baseline,156,4000,8,0.002,0.68925,476.25,0.9310626848600805,0.02307485034361889,0.17765225074253976,0.9826695574447513,0.9579470725730062
instruct_c_n8_baseline,Instruct baseline (n=8),InstrCN8,Instruct,Baseline,162,4000,8,0.002,0.6995,475.203125,0.957329879514873,0.018072388500513625,0.12112871027784422,0.9951614560559392,0.9635395854711533
instruct_c_n8_baseline,Instruct baseline (n=8),InstrCN8,Instruct,Baseline,168,4000,8,0.002,0.68825,470.4375,0.9556635683402419,0.017721917374728946,0.11331188213080168,0.9958001626655459,0.9641648521646857
instruct_c_n8_baseline,Instruct baseline (n=8),InstrCN8,Instruct,Baseline,174,4000,8,0.002,0.687,462.71875,0.9490623651072383,0.01900213083354174,0.11786708288127556,0.994650399312377,0.9641800476238132
instruct_c_n8_baseline,Instruct baseline (n=8),InstrCN8,Instruct,Baseline,180,4000,8,0.002,0.68725,470.34375,0.9571306044235826,0.018683212936593918,0.1322405325481668,0.9925984116271138,0.9634320987388492
